;;;;;;;;;;;;;;;;;;;;;;;;;;;;;;;;;;;;;;;;;;;;;;;;;;;;;;;;;;;;;;;;;;;;;;;;;;;;;;;;;;;;;;;;;;;;;;;;;;;;;;;;;;;;;;;;;;;;;;;;;;;;;;;;;;;;;;;;;;;;;;;;;;;;;;;;;;;;;;;;;;;;;;;;;;;;;;
;;;;;;;;;;;;;;;;;;;;;;;;;;;;;;;;;;;;;;;;;;;;;;;;;;;;;;;;;;;;;;;;;;;;;;;;;;;;;;;;;;;;;;;;;;;;;;;;;;;;;;;;;;;;;;;;;;;;;;;;;;;;;;;;;;;;;;;;;;;;;;;;;;;;;;;;;;;;;;;;;;;;;;;;;;;;;;
Congreso | Junio 1977 | Resultados por circunscripción;;;;;;;;;;;;;;;;;;;;;;;;;;;;;;;;;;;;;;;;;;;;;;;;;;;;;;;;;;;;;;;;;;;;;;;;;;;;;;;;;;;;;;;;;;;;;;;;;;;;;;;;;;;;;;;;;;;;;;;;;;;;;;;;;;;;;;;;;;;;;;;;;;;;;;;;;;;;;;;;;;;;;;;;;;;;;;
;;;;;;;;;;;UNION DE CENTRO DEMOCRATICO;;PARTIDO SOCIALISTA OBRERO ESPAÑOL;;PARTIDO COMUNISTA DE ESPAÑA;;FEDERACION DE PARTIDOS DE ALIANZA POPULAR;;PARTIDO SOCIALISTA POPULAR - UNIDAD SOCIALISTA;;COALICION ELECT.PACTE DEMOCRATIC PER CATALUNYA;;EUZKO ALDERDI JELTZALEA-PARTIDO NACIONALISTA VASCO;;COALICION ELECT. EQUIPO DE LA DEMOCRACIA CRISTIANA;;UNIO DEL CENTRE I LA DEM. CRISTIANA DE CATALUNYA;;COALICION ELECTORAL ESQUERRA DE CATALUÑA;;FRENTE DEMOCRATICO DE IZQUIERDAS;;ALIANZA SOCIALISTA DEMOCRATICA;;AGRUPACION ELECTORAL DE TRABAJADORES;;ALIANZA NACIONAL 18 DE JULIO;;REFORMA SOCIAL ESPAÑOLA;;EUSKADIKO EZKERRA;;FALANGE ESPAÑOLA DE LAS JONS AUTENTICA;;FRENTE UNIDAD DE LOS TRABAJADORES;;CANDIDATURA ARAGONESA INDEPENDIENTE DE CENTRO;;PARTIDO SOCIALISTA VASCO;;PARTIDO SOCIALISTA DEL PAIS VALENCIA;;CANDIDATURA INDEPENDIENTE DE CENTRO;;PARTIDO SOCIALISTA GALEGO;;DEMOCRACIA CRISTIANA VASCA;;FALANGE ESPAÑOLA DE LAS JONS;;UNION NAVARRA DE IZQUIERDA;;BLOQUE NACIONAL POPULAR GALLEGO;;ALIANZA FORAL NAVARRA;;UNIDAD REGIONAL ANDALUZA;;P. SOCIALISTA OBRERO ESPAÑOL(SECTOR HISTORICO);;LLIGA DE CATALUNYA PARTIT LIBERAL CATALA;;ASOC.NAL. PARA EL ESTUDIO DE PROBLEMAS ACTUALES;;UNION AUTONOMISTA DE NAVARRA;;PUEBLO CANARIO UNIDO;;DEMOCRATAS INDEPENDIENTES VASCOS;;UNITAT POPULAR PER SOCIALISME;;UNIO AUTONOMISTA;;CENTRO IZQUIERDA DE ALBACETE;;UNIDAD REGIONALISTA;;FRENTE NAVARRO INDEPENDIENTE;;PARTIDO POPULAR CANARIO;;DEMOCRACIA SOCIAL CRISTIANA DE CATALUÑA;;MOVIMIENTO SOCIALISTA;;MONTEJURRA-FEDERALISMO-AUTOGESTION;;AGRUP.ELEC. Y PART.INDEP. ACCION SOCIAL AGRARIA;;ASOCIACION CIRCULOS JOSE ANTONIO;;CANDIDATURA INDEPENDIENTE;;ACCION NACIONALISTA VASCA;;CANDIDATURA INDEP. AL CONGRESO PER PROV. GIRONA;;INDEPENDIENTE;;DEMOCRACIA CRISTIANA ARAGONESA;;CANDIDATURA RIOJANA INDEPENDIENTE;;ASOCIACION POLITICA FUERZA NUEVA;;UNIDAD POPULAR;;PARTIDO SOCIALISTA DE CANARIAS;;PARTIDO INDEPENDIENTE DE MADRID;;FRENTE AUTONOMISTA ARAGONES;;PARTIDO PROVERISTA;;INDEPENDIENTE;;IZQUIERDA CANARIA UNIDA;;PARTIDO SOCIALISTA DEMOCRATICO ESPAÑOL;;PARTIDO DEMOCRATA GALLEGO;;UNION DEMOCRATA DE LAS ISLAS BALEARES;;CANDIDATURA INDEPENDIENTE;;FEDERACION LABORISTA;;INDEPENDIENTE;;AGRUPACION RIOJANA INDEPENDIENTE;;INDEPENDIENTE;;PARTIDO RADICAL SOCIALISTA DE VALENCIA;;ELECTORS CARLINS DEL PAIS VALENCIA;;CANDIDATURA INDEPENDIENTE;;AGRUPACION ELECTORAL INDEP. DEL CAMPO Y LA CIUDAD;;CANDIDATURA UNITARIA DE LA IZQUIERDA REGIONALISTA;;CANDIDATOS INDEP. DE LA PEQUEÑA Y MEDIANA EMPRESA;;ASOCIACION DE ELECTORES DE CEUTA;;AGRUPACION DE ELECTORES CARLISTAS;;FALANGE ESPAÑOLA INDEPENDIENTE;;PARTIDO AGRARIO ESPAÑOL;;PARTIDO LIBERAL INDEPENDIENTE;;INDEPENDIENTE;;BLOQUE ANDALUZ DE IZQUIERDA;;CANDIDATURA ANDALUZA DE IZQUIERDA;
;;;;;;;;;;;UCD;;PSOE;;PCE;;AP;;PSP-US;;PDPC;;PNV;;FDC-EDC;;UDC-IDCC;;EC-FED;;FDI;;ASDCI;;AET;;AN18;;RSE;;EE;;FJONSA;;FUT;;CAIC;;ESB;;PSPV;;INDEP;;PSG;;DCV;;FJONS;;UNAI;;BNPG;;AFN;;URA;;PSOE-H;;LLIGA;;ANEPA-CP;;UAN;;PCU;;DIV;;CUPS;;UAB;;CCIA;;URAS;;FNI;;PPCAN;;DSCC;;MS;;MFA;;ASA;;CJA;;INDEP;;ANV;;INDEP;;INDEP;;DCAR;;INDEP;;FN;;CUP;;PSCAN;;PIM;;FAA;;PPROV;;INDEP;;ICU;;PSDE;;PDG;;UDIB;;INDEP;;FL;;INDEP;;INDEP;;INDEP;;PRSV;;INDEP;;INDEP;;AEICYU;;CUIR;;CIPYE;;ADEC;;ADC;;FEI;;PAE;;PLI;;INDEP;;BAI;;CAI;
Nombre de Comunidad;Código de Provincia;Nombre de Provincia;Población;Número de mesas;Total censo electoral;Total votantes;Votos válidos;Votos a candidaturas;Votos en blanco;Votos nulos;Votos;Diputados;Votos;Diputados;Votos;Diputados;Votos;Diputados;Votos;Diputados;Votos;Diputados;Votos;Diputados;Votos;Diputados;Votos;Diputados;Votos;Diputados;Votos;Diputados;Votos;Diputados;Votos;Diputados;Votos;Diputados;Votos;Diputados;Votos;Diputados;Votos;Diputados;Votos;Diputados;Votos;Diputados;Votos;Diputados;Votos;Diputados;Votos;Diputados;Votos;Diputados;Votos;Diputados;Votos;Diputados;Votos;Diputados;Votos;Diputados;Votos;Diputados;Votos;Diputados;Votos;Diputados;Votos;Diputados;Votos;Diputados;Votos;Diputados;Votos;Diputados;Votos;Diputados;Votos;Diputados;Votos;Diputados;Votos;Diputados;Votos;Diputados;Votos;Diputados;Votos;Diputados;Votos;Diputados;Votos;Diputados;Votos;Diputados;Votos;Diputados;Votos;Diputados;Votos;Diputados;Votos;Diputados;Votos;Diputados;Votos;Diputados;Votos;Diputados;Votos;Diputados;Votos;Diputados;Votos;Diputados;Votos;Diputados;Votos;Diputados;Votos;Diputados;Votos;Diputados;Votos;Diputados;Votos;Diputados;Votos;Diputados;Votos;Diputados;Votos;Diputados;Votos;Diputados;Votos;Diputados;Votos;Diputados;Votos;Diputados;Votos;Diputados;Votos;Diputados;Votos;Diputados;Votos;Diputados;Votos;Diputados;Votos;Diputados;Votos;Diputados;Votos;Diputados;Votos;Diputados;Votos;Diputados;Votos;Diputados;Votos;Diputados;Votos;Diputados;Votos;Diputados;Votos;Diputados
Andalucía                     ;4;Almería                                           ;388.437;392;239.935;186.342;185.182;184.822;360;1.160;92.019;3;50.723;2;11.926;0;14.886;0;5.789;0;0;0;0;0;5.553;0;0;0;0;0;770;0;892;0;0;0;775;0;771;0;0;0;718;0;0;0;0;0;0;0;0;0;0;0;0;0;0;0;0;0;0;0;0;0;0;0;0;0;0;0;0;0;0;0;0;0;0;0;0;0;0;0;0;0;0;0;0;0;0;0;0;0;0;0;0;0;0;0;0;0;0;0;0;0;0;0;0;0;0;0;0;0;0;0;0;0;0;0;0;0;0;0;0;0;0;0;0;0;0;0;0;0;0;0;0;0;0;0;0;0;0;0;0;0;0;0;0;0;0;0;0;0;0;0;0;0;0;0;0;0;0;0;0;0;0;0;0;0;0;0;0;0;0;0
Andalucía                     ;11;Cádiz                                             ;952.328;1.012;559.590;421.330;413.337;411.950;1.387;7.993;112.927;2;150.896;4;41.809;1;20.424;0;40.232;1;0;0;0;0;5.216;0;0;0;0;0;10.808;0;0;0;0;0;0;0;2.404;0;0;0;0;0;254;0;0;0;0;0;0;0;0;0;0;0;0;0;1.979;0;0;0;0;0;0;0;13.396;0;0;0;0;0;3.635;0;0;0;0;0;0;0;0;0;0;0;0;0;0;0;0;0;0;0;0;0;1.498;0;0;0;0;0;0;0;6.472;0;0;0;0;0;0;0;0;0;0;0;0;0;0;0;0;0;0;0;0;0;0;0;0;0;0;0;0;0;0;0;0;0;0;0;0;0;0;0;0;0;0;0;0;0;0;0;0;0;0;0;0;0;0;0;0;0;0;0;0;0;0;0;0;0;0;0;0;0;0;0
Andalucía                     ;14;Córdoba                                           ;717.005;753;451.021;365.308;361.661;361.256;405;3.647;117.482;3;122.361;3;59.668;1;33.616;0;13.195;0;0;0;0;0;2.984;0;0;0;0;0;4.056;0;923;0;0;0;1.718;0;1.413;0;0;0;693;0;1.463;0;0;0;0;0;0;0;0;0;0;0;0;0;0;0;0;0;0;0;0;0;0;0;0;0;0;0;0;0;0;0;0;0;0;0;0;0;0;0;0;0;0;0;0;0;0;0;0;0;0;0;0;0;0;0;0;0;0;0;0;0;0;0;0;0;0;0;0;0;0;0;0;0;0;0;0;0;0;0;0;0;0;0;0;0;0;0;0;0;0;0;0;0;0;0;0;0;0;0;0;0;0;0;0;0;1.684;0;0;0;0;0;0;0;0;0;0;0;0;0;0;0;0;0;0;0;0;0;0;0
Andalucía                     ;18;Granada                                           ;737.045;668;456.952;351.595;348.393;347.518;875;3.202;152.498;4;111.746;3;33.879;0;24.573;0;12.567;0;0;0;0;0;3.104;0;0;0;0;0;4.235;0;2.146;0;0;0;0;0;1.704;0;0;0;0;0;0;0;0;0;0;0;0;0;0;0;0;0;0;0;0;0;0;0;0;0;0;0;0;0;0;0;0;0;0;0;0;0;0;0;0;0;0;0;0;0;0;0;0;0;0;0;0;0;0;0;1.066;0;0;0;0;0;0;0;0;0;0;0;0;0;0;0;0;0;0;0;0;0;0;0;0;0;0;0;0;0;0;0;0;0;0;0;0;0;0;0;0;0;0;0;0;0;0;0;0;0;0;0;0;0;0;0;0;0;0;0;0;0;0;0;0;0;0;0;0;0;0;0;0;0;0;0;0;0;0;0
Andalucía                     ;21;Huelva                                            ;402.973;417;255.557;189.961;187.251;186.956;295;2.710;89.494;3;63.172;2;10.217;0;9.415;0;4.819;0;0;0;0;0;2.604;0;0;0;0;0;988;0;2.214;0;2.974;0;0;0;1.059;0;0;0;0;0;0;0;0;0;0;0;0;0;0;0;0;0;0;0;0;0;0;0;0;0;0;0;0;0;0;0;0;0;0;0;0;0;0;0;0;0;0;0;0;0;0;0;0;0;0;0;0;0;0;0;0;0;0;0;0;0;0;0;0;0;0;0;0;0;0;0;0;0;0;0;0;0;0;0;0;0;0;0;0;0;0;0;0;0;0;0;0;0;0;0;0;0;0;0;0;0;0;0;0;0;0;0;0;0;0;0;0;0;0;0;0;0;0;0;0;0;0;0;0;0;0;0;0;0;0;0;0;0;0;0
Andalucía                     ;23;Jaén                                              ;645.524;661;403.142;316.613;314.177;313.908;269;2.436;103.697;3;123.708;4;29.847;0;26.422;0;6.476;0;0;0;0;0;3.071;0;0;0;0;0;1.278;0;2.135;0;0;0;0;0;0;0;0;0;807;0;0;0;0;0;0;0;0;0;0;0;0;0;0;0;0;0;0;0;0;0;0;0;5.291;0;0;0;0;0;0;0;0;0;0;0;0;0;0;0;0;0;0;0;0;0;0;0;0;0;0;0;0;0;0;0;8.439;0;1.308;0;0;0;0;0;0;0;0;0;0;0;0;0;0;0;0;0;0;0;0;0;0;0;0;0;0;0;0;0;0;0;0;0;0;0;0;0;0;0;0;0;0;0;0;0;0;0;0;0;0;0;0;0;0;0;0;0;0;0;0;0;0;0;833;0;596;0;0;0;0;0;0;0
Andalucía                     ;29;Málaga                                            ;915.422;1.015;569.535;440.574;434.521;433.609;912;6.053;115.390;3;185.095;4;50.990;1;34.838;0;22.144;0;0;0;0;0;3.942;0;0;0;0;0;5.106;0;1.536;0;0;0;0;0;7.049;0;0;0;1.444;0;0;0;0;0;0;0;0;0;0;0;0;0;0;0;0;0;0;0;0;0;0;0;0;0;0;0;0;0;1.124;0;0;0;0;0;0;0;0;0;0;0;0;0;0;0;0;0;0;0;0;0;3.245;0;0;0;0;0;0;0;0;0;0;0;0;0;0;0;0;0;0;0;0;0;0;0;0;0;0;0;0;0;0;0;0;0;0;0;0;0;0;0;0;0;0;0;0;0;0;0;0;0;0;0;0;0;0;0;0;0;0;0;0;0;1.480;0;0;0;0;0;0;0;0;0;0;0;0;0;226;0;0;0
Andalucía                     ;41;Sevilla                                           ;1.375.540;1.854;842.042;692.926;684.399;682.367;2.032;8.527;223.252;5;251.336;5;91.914;2;42.860;0;33.329;0;0;0;0;0;6.523;0;0;0;0;0;19.008;0;4.064;0;1.736;0;2.197;0;1.736;0;0;0;0;0;0;0;0;0;0;0;0;0;0;0;0;0;0;0;0;0;0;0;0;0;0;0;2.663;0;0;0;0;0;0;0;0;0;0;0;0;0;0;0;0;0;0;0;0;0;0;0;0;0;0;0;1.749;0;0;0;0;0;0;0;0;0;0;0;0;0;0;0;0;0;0;0;0;0;0;0;0;0;0;0;0;0;0;0;0;0;0;0;0;0;0;0;0;0;0;0;0;0;0;0;0;0;0;0;0;0;0;0;0;0;0;0;0;0;0;0;0;0;0;0;0;0;0;0;0;0;0;0;0;0;0;0
Aragón                        ;22;Huesca                                            ;215.316;402;153.109;125.015;122.523;122.129;394;2.492;55.837;2;33.693;1;7.398;0;7.223;0;13.730;0;0;0;0;0;2.895;0;0;0;0;0;955;0;0;0;0;0;0;0;0;0;0;0;398;0;0;0;0;0;0;0;0;0;0;0;0;0;0;0;0;0;0;0;0;0;0;0;0;0;0;0;0;0;0;0;0;0;0;0;0;0;0;0;0;0;0;0;0;0;0;0;0;0;0;0;0;0;0;0;0;0;0;0;0;0;0;0;0;0;0;0;0;0;0;0;0;0;0;0;0;0;0;0;0;0;0;0;0;0;0;0;0;0;0;0;0;0;0;0;0;0;0;0;0;0;0;0;0;0;0;0;0;0;0;0;0;0;0;0;0;0;0;0;0;0;0;0;0;0;0;0;0;0;0;0
Aragón                        ;44;Teruel                                            ;156.801;323;112.376;95.055;93.272;92.793;479;1.783;46.820;2;16.423;1;2.442;0;15.180;0;3.387;0;0;0;0;0;0;0;0;0;0;0;0;0;0;0;0;0;332;0;1.842;0;0;0;0;0;0;0;0;0;0;0;0;0;0;0;0;0;0;0;0;0;0;0;0;0;0;0;0;0;0;0;0;0;0;0;0;0;0;0;0;0;0;0;0;0;0;0;0;0;0;0;0;0;0;0;0;0;0;0;0;0;0;0;0;0;0;0;0;0;6.158;0;0;0;0;0;0;0;0;0;0;0;0;0;0;0;0;0;0;0;0;0;0;0;0;0;0;0;0;0;0;0;0;0;0;0;0;0;0;0;0;0;0;0;0;0;0;0;0;0;0;0;0;0;0;0;0;0;209;0;0;0;0;0;0;0
Aragón                        ;50;Zaragoza                                          ;797.533;1.169;547.396;442.996;436.238;434.660;1.578;6.758;138.575;3;111.293;3;22.446;0;34.857;0;46.737;1;0;0;0;0;6.205;0;0;0;0;0;8.656;0;0;0;1.713;0;1.602;0;0;0;0;0;1.531;0;0;0;37.183;1;0;0;0;0;0;0;0;0;0;0;0;0;0;0;0;0;0;0;0;0;12.328;0;0;0;0;0;0;0;0;0;0;0;0;0;0;0;0;0;0;0;0;0;0;0;0;0;0;0;0;0;0;0;729;0;0;0;0;0;0;0;0;0;6.014;0;0;0;0;0;0;0;0;0;0;0;4.791;0;0;0;0;0;0;0;0;0;0;0;0;0;0;0;0;0;0;0;0;0;0;0;0;0;0;0;0;0;0;0;0;0;0;0;0;0;0;0;0;0;0;0;0;0;0;0;0;0;0;0
Principado de Asturias        ;33;Asturias                                          ;1.096.811;1.442;783.206;584.061;576.100;575.088;1.012;7.961;177.843;4;182.850;4;60.297;1;77.932;1;40.807;0;0;0;0;0;3.438;0;0;0;0;0;0;0;5.947;0;2.781;0;8.245;0;0;0;0;0;2.615;0;1.512;0;0;0;0;0;0;0;0;0;0;0;0;0;0;0;0;0;0;0;0;0;0;0;0;0;0;0;0;0;0;0;0;0;0;0;0;0;0;0;0;0;10.821;0;0;0;0;0;0;0;0;0;0;0;0;0;0;0;0;0;0;0;0;0;0;0;0;0;0;0;0;0;0;0;0;0;0;0;0;0;0;0;0;0;0;0;0;0;0;0;0;0;0;0;0;0;0;0;0;0;0;0;0;0;0;0;0;0;0;0;0;0;0;0;0;0;0;0;0;0;0;0;0;0;0;0;0;0;0;0
Illes Balears                 ;7;Illes Balears                                     ;633.016;870;407.899;321.552;315.147;313.836;1.311;6.405;163.536;4;73.554;2;14.046;0;28.472;0;16.244;0;0;0;0;0;0;0;0;0;0;0;775;0;0;0;669;0;0;0;1.067;0;0;0;0;0;0;0;0;0;0;0;0;0;0;0;0;0;0;0;0;0;0;0;0;0;0;0;0;0;0;0;0;0;0;0;0;0;0;0;0;0;0;0;11.914;0;0;0;0;0;0;0;0;0;0;0;0;0;0;0;0;0;613;0;0;0;0;0;0;0;0;0;0;0;0;0;0;0;0;0;0;0;0;0;0;0;0;0;0;0;0;0;0;0;0;0;2.946;0;0;0;0;0;0;0;0;0;0;0;0;0;0;0;0;0;0;0;0;0;0;0;0;0;0;0;0;0;0;0;0;0;0;0;0;0;0;0
Canarias                      ;35;Las Palmas                                        ;671.786;936;365.063;289.260;283.698;282.841;857;5.562;187.254;5;39.616;1;7.467;0;15.944;0;7.130;0;0;0;0;0;0;0;0;0;0;0;1.476;0;0;0;0;0;0;0;1.154;0;0;0;817;0;0;0;0;0;0;0;0;0;0;0;0;0;0;0;0;0;0;0;0;0;0;0;0;0;0;0;0;0;0;0;0;0;17.717;0;0;0;0;0;0;0;0;0;0;0;0;0;1.882;0;0;0;0;0;0;0;0;0;0;0;0;0;0;0;0;0;0;0;0;0;0;0;0;0;0;0;2.384;0;0;0;0;0;0;0;0;0;0;0;0;0;0;0;0;0;0;0;0;0;0;0;0;0;0;0;0;0;0;0;0;0;0;0;0;0;0;0;0;0;0;0;0;0;0;0;0;0;0;0;0;0;0;0
Canarias                      ;38;Santa Cruz de Tenerife                            ;687.935;751;397.732;268.184;263.445;262.585;860;4.739;140.237;5;50.951;2;10.643;0;27.828;0;14.215;0;0;0;0;0;0;0;0;0;0;0;0;0;0;0;0;0;0;0;0;0;0;0;4.099;0;0;0;0;0;0;0;0;0;0;0;0;0;0;0;0;0;0;0;0;0;0;0;0;0;0;0;0;0;0;0;0;0;0;0;0;0;0;0;0;0;0;0;0;0;0;0;7.768;0;0;0;0;0;0;0;0;0;0;0;0;0;0;0;0;0;0;0;0;0;0;0;0;0;0;0;2.726;0;0;0;0;0;0;0;0;0;4.118;0;0;0;0;0;0;0;0;0;0;0;0;0;0;0;0;0;0;0;0;0;0;0;0;0;0;0;0;0;0;0;0;0;0;0;0;0;0;0;0;0;0;0;0;0
Cantabria                     ;39;Cantabria                                         ;492.228;806;327.008;263.997;256.406;256.015;391;7.591;102.719;3;67.611;1;13.971;0;36.598;1;6.923;0;0;0;0;0;5.930;0;0;0;0;0;1.633;0;0;0;2.551;0;3.582;0;0;0;0;0;1.797;0;0;0;0;0;0;0;0;0;0;0;0;0;0;0;0;0;0;0;0;0;0;0;0;0;8.914;0;0;0;0;0;0;0;0;0;0;0;0;0;0;0;0;0;0;0;0;0;0;0;0;0;0;0;0;0;0;0;0;0;0;0;0;0;0;0;0;0;0;0;0;0;0;0;0;0;0;0;0;0;0;0;0;0;0;0;0;0;3.786;0;0;0;0;0;0;0;0;0;0;0;0;0;0;0;0;0;0;0;0;0;0;0;0;0;0;0;0;0;0;0;0;0;0;0;0;0;0;0;0;0;0;0
Castilla - La Mancha          ;2;Albacete                                          ;331.404;500;211.249;171.690;169.553;169.079;474;2.137;64.603;2;56.332;2;13.623;0;16.005;0;0;0;0;0;0;0;0;0;0;0;0;0;1.698;0;0;0;0;0;0;0;0;0;0;0;0;0;0;0;0;0;0;0;0;0;0;0;0;0;0;0;4.939;0;0;0;0;0;0;0;0;0;0;0;0;0;0;0;0;0;0;0;0;0;0;0;0;0;11.879;0;0;0;0;0;0;0;0;0;0;0;0;0;0;0;0;0;0;0;0;0;0;0;0;0;0;0;0;0;0;0;0;0;0;0;0;0;0;0;0;0;0;0;0;0;0;0;0;0;0;0;0;0;0;0;0;0;0;0;0;0;0;0;0;0;0;0;0;0;0;0;0;0;0;0;0;0;0;0;0;0;0;0;0;0;0;0;0;0
Castilla - La Mancha          ;13;Ciudad Real                                       ;481.212;593;310.547;251.115;248.142;247.630;512;2.973;102.362;3;79.715;2;15.562;0;31.310;0;13.582;0;0;0;0;0;0;0;0;0;0;0;1.203;0;811;0;0;0;3.085;0;0;0;0;0;0;0;0;0;0;0;0;0;0;0;0;0;0;0;0;0;0;0;0;0;0;0;0;0;0;0;0;0;0;0;0;0;0;0;0;0;0;0;0;0;0;0;0;0;0;0;0;0;0;0;0;0;0;0;0;0;0;0;0;0;0;0;0;0;0;0;0;0;0;0;0;0;0;0;0;0;0;0;0;0;0;0;0;0;0;0;0;0;0;0;0;0;0;0;0;0;0;0;0;0;0;0;0;0;0;0;0;0;0;0;0;0;0;0;0;0;0;0;0;0;0;0;0;0;0;0;0;0;0;0;0;0
Castilla - La Mancha          ;16;Cuenca                                            ;221.929;342;151.099;128.304;126.227;125.913;314;2.077;70.550;3;28.350;1;7.927;0;10.277;0;1.947;0;0;0;0;0;1.646;0;0;0;0;0;242;0;674;0;0;0;0;0;2.024;0;0;0;509;0;0;0;0;0;0;0;0;0;0;0;0;0;0;0;0;0;0;0;0;0;0;0;0;0;0;0;0;0;0;0;0;0;0;0;0;0;0;0;0;0;0;0;0;0;0;0;0;0;0;0;0;0;0;0;0;0;419;0;0;0;0;0;0;0;0;0;0;0;0;0;1.219;0;0;0;0;0;0;0;0;0;0;0;0;0;0;0;0;0;0;0;0;0;0;0;0;0;0;0;0;0;0;0;0;0;0;0;0;0;0;0;0;0;0;0;0;0;0;0;129;0;0;0;0;0;0;0;0;0;0;0
Castilla - La Mancha          ;19;Guadalajara                                       ;139.399;403;95.061;81.562;80.690;80.487;203;872;39.321;2;17.133;1;5.521;0;12.815;0;2.182;0;0;0;0;0;0;0;0;0;0;0;526;0;0;0;0;0;0;0;0;0;0;0;0;0;0;0;0;0;0;0;0;0;0;0;0;0;0;0;2.989;0;0;0;0;0;0;0;0;0;0;0;0;0;0;0;0;0;0;0;0;0;0;0;0;0;0;0;0;0;0;0;0;0;0;0;0;0;0;0;0;0;0;0;0;0;0;0;0;0;0;0;0;0;0;0;0;0;0;0;0;0;0;0;0;0;0;0;0;0;0;0;0;0;0;0;0;0;0;0;0;0;0;0;0;0;0;0;0;0;0;0;0;0;0;0;0;0;0;0;0;0;0;0;0;0;0;0;0;0;0;0;0;0;0;0
Castilla - La Mancha          ;45;Toledo                                            ;464.236;497;309.595;268.225;265.929;265.536;393;2.296;101.891;2;83.956;2;21.942;0;44.091;1;4.253;0;0;0;0;0;0;0;0;0;0;0;1.320;0;0;0;0;0;6.656;0;0;0;0;0;1.427;0;0;0;0;0;0;0;0;0;0;0;0;0;0;0;0;0;0;0;0;0;0;0;0;0;0;0;0;0;0;0;0;0;0;0;0;0;0;0;0;0;0;0;0;0;0;0;0;0;0;0;0;0;0;0;0;0;0;0;0;0;0;0;0;0;0;0;0;0;0;0;0;0;0;0;0;0;0;0;0;0;0;0;0;0;0;0;0;0;0;0;0;0;0;0;0;0;0;0;0;0;0;0;0;0;0;0;0;0;0;0;0;0;0;0;0;0;0;0;0;0;0;0;0;0;0;0;0;0;0;0
Castilla y León               ;5;Ávila                                             ;190.865;314;130.998;106.097;105.134;104.894;240;963;71.650;3;14.984;0;2.406;0;7.123;0;1.777;0;0;0;0;0;4.872;0;0;0;0;0;0;0;0;0;366;0;0;0;0;0;0;0;0;0;0;0;0;0;0;0;0;0;0;0;0;0;0;0;0;0;0;0;0;0;0;0;0;0;0;0;0;0;0;0;0;0;0;0;0;0;0;0;0;0;0;0;0;0;0;0;0;0;0;0;584;0;0;0;0;0;0;0;0;0;0;0;0;0;0;0;0;0;0;0;1.132;0;0;0;0;0;0;0;0;0;0;0;0;0;0;0;0;0;0;0;0;0;0;0;0;0;0;0;0;0;0;0;0;0;0;0;0;0;0;0;0;0;0;0;0;0;0;0;0;0;0;0;0;0;0;0;0;0;0;0
Castilla y León               ;9;Burgos                                            ;347.879;838;238.885;189.485;186.301;185.558;743;3.184;89.363;3;44.388;1;4.765;0;28.707;0;5.870;0;0;0;0;0;3.012;0;0;0;0;0;3.172;0;866;0;1.552;0;1.366;0;1.881;0;0;0;0;0;0;0;0;0;0;0;0;0;0;0;0;0;0;0;0;0;0;0;0;0;0;0;0;0;0;0;0;0;616;0;0;0;0;0;0;0;0;0;0;0;0;0;0;0;0;0;0;0;0;0;0;0;0;0;0;0;0;0;0;0;0;0;0;0;0;0;0;0;0;0;0;0;0;0;0;0;0;0;0;0;0;0;0;0;0;0;0;0;0;0;0;0;0;0;0;0;0;0;0;0;0;0;0;0;0;0;0;0;0;0;0;0;0;0;0;0;0;0;0;0;0;0;0;0;0;0;0;0;0;0
Castilla y León               ;24;León                                              ;526.495;852;364.127;273.694;270.228;268.946;1.282;3.466;137.495;4;64.766;1;12.460;0;33.285;1;9.212;0;0;0;0;0;4.371;0;0;0;0;0;2.712;0;4.645;0;0;0;0;0;0;0;0;0;0;0;0;0;0;0;0;0;0;0;0;0;0;0;0;0;0;0;0;0;0;0;0;0;0;0;0;0;0;0;0;0;0;0;0;0;0;0;0;0;0;0;0;0;0;0;0;0;0;0;0;0;0;0;0;0;0;0;0;0;0;0;0;0;0;0;0;0;0;0;0;0;0;0;0;0;0;0;0;0;0;0;0;0;0;0;0;0;0;0;0;0;0;0;0;0;0;0;0;0;0;0;0;0;0;0;0;0;0;0;0;0;0;0;0;0;0;0;0;0;0;0;0;0;0;0;0;0;0;0;0;0
Castilla y León               ;34;Palencia                                          ;185.859;530;125.385;103.778;102.070;101.760;310;1.708;51.568;2;25.878;1;3.744;0;14.638;0;3.084;0;0;0;0;0;0;0;0;0;0;0;829;0;0;0;0;0;0;0;0;0;0;0;0;0;0;0;0;0;0;0;0;0;0;0;0;0;0;0;0;0;0;0;0;0;0;0;0;0;0;0;0;0;0;0;0;0;0;0;0;0;0;0;0;0;0;0;0;0;0;0;0;0;0;0;0;0;0;0;0;0;0;0;0;0;0;0;0;0;0;0;0;0;0;0;0;0;0;0;0;0;0;0;0;0;0;0;0;0;0;0;0;0;0;0;0;0;0;0;0;0;0;0;0;0;0;0;0;0;0;0;0;0;1.623;0;0;0;0;0;0;0;396;0;0;0;0;0;0;0;0;0;0;0;0;0
Castilla y León               ;37;Salamanca                                         ;349.905;607;241.301;199.259;194.069;193.552;517;5.190;108.862;3;44.168;1;5.522;0;15.259;0;11.930;0;0;0;0;0;5.302;0;0;0;0;0;872;0;0;0;0;0;0;0;929;0;0;0;708;0;0;0;0;0;0;0;0;0;0;0;0;0;0;0;0;0;0;0;0;0;0;0;0;0;0;0;0;0;0;0;0;0;0;0;0;0;0;0;0;0;0;0;0;0;0;0;0;0;0;0;0;0;0;0;0;0;0;0;0;0;0;0;0;0;0;0;0;0;0;0;0;0;0;0;0;0;0;0;0;0;0;0;0;0;0;0;0;0;0;0;0;0;0;0;0;0;0;0;0;0;0;0;0;0;0;0;0;0;0;0;0;0;0;0;0;0;0;0;0;0;0;0;0;0;0;0;0;0;0;0
Castilla y León               ;40;Segovia                                           ;151.200;279;99.408;87.097;85.555;85.191;364;1.542;50.270;2;18.210;1;2.101;0;7.407;0;5.330;0;0;0;0;0;0;0;0;0;0;0;361;0;0;0;0;0;0;0;0;0;0;0;913;0;0;0;0;0;0;0;0;0;0;0;0;0;0;0;0;0;0;0;0;0;0;0;0;0;0;0;0;0;0;0;0;0;0;0;0;0;0;0;0;0;0;0;0;0;0;0;0;0;0;0;599;0;0;0;0;0;0;0;0;0;0;0;0;0;0;0;0;0;0;0;0;0;0;0;0;0;0;0;0;0;0;0;0;0;0;0;0;0;0;0;0;0;0;0;0;0;0;0;0;0;0;0;0;0;0;0;0;0;0;0;0;0;0;0;0;0;0;0;0;0;0;0;0;0;0;0;0;0;0;0
Castilla y León               ;42;Soria                                             ;104.000;300;73.992;61.230;60.279;59.997;282;951;35.324;3;10.757;0;1.196;0;3.792;0;2.911;0;0;0;0;0;1.331;0;0;0;0;0;156;0;0;0;0;0;0;0;0;0;0;0;0;0;0;0;0;0;0;0;0;0;0;0;0;0;0;0;0;0;0;0;0;0;0;0;0;0;0;0;0;0;0;0;0;0;0;0;0;0;0;0;0;0;0;0;0;0;0;0;0;0;0;0;0;0;0;0;0;0;0;0;0;0;0;0;0;0;0;0;0;0;0;0;0;0;0;0;0;0;0;0;0;0;0;0;4.530;0;0;0;0;0;0;0;0;0;0;0;0;0;0;0;0;0;0;0;0;0;0;0;0;0;0;0;0;0;0;0;0;0;0;0;0;0;0;0;0;0;0;0;0;0;0;0
Castilla y León               ;47;Valladolid                                        ;446.675;688;295.410;249.223;245.518;244.514;1.004;3.705;104.145;3;76.308;2;15.798;0;20.521;0;6.372;0;0;0;0;0;6.792;0;0;0;0;0;2.575;0;0;0;1.228;0;4.952;0;0;0;0;0;2.813;0;964;0;0;0;0;0;0;0;0;0;0;0;0;0;0;0;0;0;0;0;0;0;0;0;0;0;0;0;0;0;0;0;0;0;0;0;0;0;0;0;0;0;0;0;0;0;0;0;0;0;0;0;0;0;0;0;0;0;0;0;0;0;0;0;0;0;0;0;0;0;0;0;0;0;0;0;0;0;0;0;0;0;0;0;0;0;0;0;0;0;0;0;0;0;0;0;0;0;0;0;0;0;0;0;0;0;0;0;0;0;1.504;0;0;0;0;0;542;0;0;0;0;0;0;0;0;0;0;0;0;0
Castilla y León               ;49;Zamora                                            ;230.535;407;164.706;133.390;130.134;129.534;600;3.256;60.626;2;26.225;1;2.783;0;30.677;1;2.597;0;0;0;0;0;5.110;0;0;0;0;0;0;0;1.516;0;0;0;0;0;0;0;0;0;0;0;0;0;0;0;0;0;0;0;0;0;0;0;0;0;0;0;0;0;0;0;0;0;0;0;0;0;0;0;0;0;0;0;0;0;0;0;0;0;0;0;0;0;0;0;0;0;0;0;0;0;0;0;0;0;0;0;0;0;0;0;0;0;0;0;0;0;0;0;0;0;0;0;0;0;0;0;0;0;0;0;0;0;0;0;0;0;0;0;0;0;0;0;0;0;0;0;0;0;0;0;0;0;0;0;0;0;0;0;0;0;0;0;0;0;0;0;0;0;0;0;0;0;0;0;0;0;0;0;0;0
Cataluña                      ;8;Barcelona                                         ;4.425.562;5.284;3.004.988;2.392.774;2.363.117;2.358.838;4.279;29.657;355.857;5;721.880;11;469.361;7;75.097;1;41.356;0;364.798;6;0;0;0;0;127.679;2;112.794;1;0;0;8.738;0;10.017;0;8.895;0;7.900;0;0;0;6.395;0;13.559;0;0;0;0;0;0;0;0;0;0;0;0;0;0;0;0;0;0;0;0;0;0;0;0;0;9.203;0;0;0;0;0;0;0;0;0;12.040;0;0;0;0;0;0;0;0;0;0;0;9.157;0;0;0;0;0;0;0;0;0;0;0;0;0;0;0;0;0;0;0;0;0;0;0;0;0;0;0;0;0;0;0;4.112;0;0;0;0;0;0;0;0;0;0;0;0;0;0;0;0;0;0;0;0;0;0;0;0;0;0;0;0;0;0;0;0;0;0;0;0;0;0;0;0;0;0;0;0;0;0;0;0;0
Cataluña                      ;17;Girona                                            ;437.769;631;304.448;249.960;246.345;245.840;505;3.615;45.231;1;60.747;2;24.746;0;7.953;0;1.673;0;67.275;2;0;0;0;0;13.331;0;6.178;0;0;0;0;0;0;0;0;0;0;0;0;0;0;0;1.389;0;0;0;0;0;0;0;0;0;0;0;0;0;0;0;0;0;0;0;0;0;0;0;0;0;10.906;0;0;0;0;0;0;0;0;0;0;0;0;0;0;0;0;0;0;0;0;0;0;0;0;0;0;0;0;0;0;0;0;0;0;0;6.411;0;0;0;0;0;0;0;0;0;0;0;0;0;0;0;0;0;0;0;0;0;0;0;0;0;0;0;0;0;0;0;0;0;0;0;0;0;0;0;0;0;0;0;0;0;0;0;0;0;0;0;0;0;0;0;0;0;0;0;0;0;0;0;0;0;0;0
Cataluña                      ;25;Lleida                                            ;349.182;492;242.148;188.715;185.895;185.526;369;2.820;45.191;1;27.809;1;22.680;0;10.067;0;0;0;45.428;2;0;0;0;0;17.582;0;14.118;0;0;0;0;0;1.295;0;0;0;1.356;0;0;0;0;0;0;0;0;0;0;0;0;0;0;0;0;0;0;0;0;0;0;0;0;0;0;0;0;0;0;0;0;0;0;0;0;0;0;0;0;0;0;0;0;0;0;0;0;0;0;0;0;0;0;0;0;0;0;0;0;0;0;0;0;0;0;0;0;0;0;0;0;0;0;0;0;0;0;0;0;0;0;0;0;0;0;0;0;0;0;0;0;0;0;0;0;0;0;0;0;0;0;0;0;0;0;0;0;0;0;0;0;0;0;0;0;0;0;0;0;0;0;0;0;0;0;0;0;0;0;0;0;0;0;0
Cataluña                      ;43;Tarragona                                         ;483.709;636;331.744;257.480;252.624;252.084;540;4.856;69.014;2;59.926;1;41.345;1;15.216;0;0;0;37.146;1;0;0;0;0;14.199;0;10.864;0;0;0;0;0;1.141;0;0;0;0;0;0;0;716;0;2.219;0;0;0;0;0;0;0;0;0;0;0;0;0;0;0;0;0;0;0;0;0;0;0;0;0;0;0;0;0;0;0;0;0;0;0;0;0;0;0;0;0;0;0;0;0;0;0;0;0;0;0;0;0;0;0;0;0;0;0;0;0;0;0;0;0;0;0;0;0;0;0;0;0;0;0;0;0;0;0;298;0;0;0;0;0;0;0;0;0;0;0;0;0;0;0;0;0;0;0;0;0;0;0;0;0;0;0;0;0;0;0;0;0;0;0;0;0;0;0;0;0;0;0;0;0;0;0;0;0
Extremadura                   ;6;Badajoz                                           ;640.850;761;413.193;322.276;319.026;318.394;632;3.250;148.697;4;107.797;3;21.932;0;21.880;0;5.578;0;0;0;0;0;3.141;0;0;0;0;0;0;0;1.835;0;3.272;0;3.512;0;0;0;0;0;750;0;0;0;0;0;0;0;0;0;0;0;0;0;0;0;0;0;0;0;0;0;0;0;0;0;0;0;0;0;0;0;0;0;0;0;0;0;0;0;0;0;0;0;0;0;0;0;0;0;0;0;0;0;0;0;0;0;0;0;0;0;0;0;0;0;0;0;0;0;0;0;0;0;0;0;0;0;0;0;0;0;0;0;0;0;0;0;0;0;0;0;0;0;0;0;0;0;0;0;0;0;0;0;0;0;0;0;0;0;0;0;0;0;0;0;0;0;0;0;0;0;0;0;0;0;0;0;0;0;0;0
Extremadura                   ;10;Cáceres                                           ;425.667;480;279.372;212.461;209.363;209.001;362;3.098;115.729;4;54.827;1;6.797;0;19.516;0;4.229;0;0;0;0;0;0;0;0;0;0;0;2.229;0;0;0;0;0;0;0;4.481;0;0;0;1.193;0;0;0;0;0;0;0;0;0;0;0;0;0;0;0;0;0;0;0;0;0;0;0;0;0;0;0;0;0;0;0;0;0;0;0;0;0;0;0;0;0;0;0;0;0;0;0;0;0;0;0;0;0;0;0;0;0;0;0;0;0;0;0;0;0;0;0;0;0;0;0;0;0;0;0;0;0;0;0;0;0;0;0;0;0;0;0;0;0;0;0;0;0;0;0;0;0;0;0;0;0;0;0;0;0;0;0;0;0;0;0;0;0;0;0;0;0;0;0;0;0;0;0;0;0;0;0;0;0;0;0
Galicia                       ;15;A Coruña                                          ;1.042.880;1.294;731.499;461.870;450.884;448.426;2.458;10.986;221.996;6;78.598;2;16.777;0;50.256;1;23.978;0;0;0;0;0;12.674;0;0;0;0;0;2.705;0;4.728;0;1.833;0;2.116;0;2.000;0;0;0;1.144;0;1.738;0;0;0;0;0;0;0;0;0;16.660;0;0;0;0;0;0;0;8.027;0;0;0;0;0;0;0;0;0;0;0;0;0;0;0;0;0;0;0;0;0;0;0;0;0;0;0;0;0;0;0;0;0;0;0;0;0;0;0;0;0;0;0;0;0;0;0;0;0;0;0;0;0;0;0;0;0;0;0;0;0;0;0;0;0;0;0;0;0;3.196;0;0;0;0;0;0;0;0;0;0;0;0;0;0;0;0;0;0;0;0;0;0;0;0;0;0;0;0;0;0;0;0;0;0;0;0;0;0;0;0;0
Galicia                       ;27;Lugo                                              ;416.972;543;302.293;171.681;167.944;167.142;802;3.737;87.059;4;20.808;0;2.949;0;36.377;1;9.466;0;0;0;0;0;0;0;0;0;0;0;544;0;0;0;0;0;0;0;2.852;0;0;0;496;0;602;0;0;0;0;0;0;0;0;0;2.080;0;0;0;0;0;0;0;3.909;0;0;0;0;0;0;0;0;0;0;0;0;0;0;0;0;0;0;0;0;0;0;0;0;0;0;0;0;0;0;0;0;0;0;0;0;0;0;0;0;0;0;0;0;0;0;0;0;0;0;0;0;0;0;0;0;0;0;0;0;0;0;0;0;0;0;0;0;0;0;0;0;0;0;0;0;0;0;0;0;0;0;0;0;0;0;0;0;0;0;0;0;0;0;0;0;0;0;0;0;0;0;0;0;0;0;0;0;0;0;0
Galicia                       ;32;Ourense                                           ;435.210;514;315.033;163.961;161.081;160.491;590;2.880;99.440;4;21.079;0;2.627;0;21.502;1;2.358;0;0;0;0;0;3.384;0;0;0;0;0;2.347;0;0;0;0;0;0;0;2.884;0;0;0;0;0;0;0;0;0;0;0;0;0;0;0;2.458;0;0;0;0;0;0;0;2.412;0;0;0;0;0;0;0;0;0;0;0;0;0;0;0;0;0;0;0;0;0;0;0;0;0;0;0;0;0;0;0;0;0;0;0;0;0;0;0;0;0;0;0;0;0;0;0;0;0;0;0;0;0;0;0;0;0;0;0;0;0;0;0;0;0;0;0;0;0;0;0;0;0;0;0;0;0;0;0;0;0;0;0;0;0;0;0;0;0;0;0;0;0;0;0;0;0;0;0;0;0;0;0;0;0;0;0;0;0;0;0
Galicia                       ;36;Pontevedra                                        ;828.812;1.084;548.711;354.864;348.710;347.812;898;6.154;198.231;6;54.642;1;11.835;0;40.104;1;17.265;0;0;0;0;0;6.956;0;0;0;0;0;1.777;0;0;0;891;0;0;0;1.689;0;0;0;0;0;0;0;0;0;0;0;0;0;0;0;5.999;0;0;0;0;0;0;0;8.423;0;0;0;0;0;0;0;0;0;0;0;0;0;0;0;0;0;0;0;0;0;0;0;0;0;0;0;0;0;0;0;0;0;0;0;0;0;0;0;0;0;0;0;0;0;0;0;0;0;0;0;0;0;0;0;0;0;0;0;0;0;0;0;0;0;0;0;0;0;0;0;0;0;0;0;0;0;0;0;0;0;0;0;0;0;0;0;0;0;0;0;0;0;0;0;0;0;0;0;0;0;0;0;0;0;0;0;0;0;0;0
Comunidad de Madrid           ;28;Madrid                                            ;4.365.544;5.090;2.744.152;2.332.660;2.308.916;2.302.805;6.111;23.744;737.699;11;731.380;11;247.038;4;242.077;3;211.440;3;0;0;0;0;34.113;0;0;0;0;0;13.328;0;28.363;0;16.372;0;0;0;4.344;0;0;0;7.345;0;3.264;0;0;0;0;0;0;0;0;0;0;0;0;0;13.721;0;0;0;0;0;0;0;0;0;0;0;0;0;0;0;0;0;0;0;0;0;0;0;0;0;0;0;0;0;0;0;0;0;0;0;0;0;0;0;0;0;2.301;0;0;0;0;0;0;0;0;0;0;0;0;0;0;0;5.206;0;0;0;4.814;0;0;0;0;0;0;0;0;0;0;0;0;0;0;0;0;0;0;0;0;0;0;0;0;0;0;0;0;0;0;0;0;0;0;0;0;0;0;0;0;0;0;0;0;0;0;0;0;0;0;0;0;0
Comunidad Foral de Navarra    ;31;Navarra                                           ;484.041;807;319.222;262.522;258.464;257.866;598;4.058;75.036;3;54.720;2;6.319;0;0;0;6.629;0;0;0;0;0;10.450;0;0;0;0;0;6.631;0;0;0;13.195;0;0;0;0;0;0;0;0;0;1.361;0;0;0;0;0;0;0;0;0;0;0;0;0;0;0;24.489;0;0;0;21.900;0;0;0;0;0;0;0;0;0;18.079;0;0;0;0;0;0;0;0;0;0;0;0;0;10.606;0;0;0;0;0;0;0;8.451;0;0;0;0;0;0;0;0;0;0;0;0;0;0;0;0;0;0;0;0;0;0;0;0;0;0;0;0;0;0;0;0;0;0;0;0;0;0;0;0;0;0;0;0;0;0;0;0;0;0;0;0;0;0;0;0;0;0;0;0;0;0;0;0;0;0;0;0;0;0;0;0;0;0;0;0;0
País Vasco                    ;1;Araba - Álava                                     ;235.113;315;153.080;126.968;124.212;123.967;245;2.756;38.338;2;34.244;1;3.906;0;7.927;0;1.677;0;0;0;21.708;1;0;0;0;0;0;0;791;0;3.324;0;0;0;0;0;0;0;0;0;216;0;0;0;0;0;2.756;0;0;0;0;0;0;0;3.439;0;0;0;0;0;0;0;0;0;0;0;0;0;0;0;0;0;0;0;0;0;0;0;0;0;0;0;0;0;0;0;0;0;0;0;0;0;0;0;0;0;0;0;0;0;0;0;0;0;0;0;0;0;0;0;0;0;0;0;0;0;0;0;0;0;0;0;180;0;0;0;0;0;0;0;0;0;0;0;0;0;0;0;2.622;0;0;0;2.347;0;0;0;0;0;0;0;0;0;0;0;0;0;0;0;0;0;0;0;0;0;0;0;492;0;0;0;0;0
País Vasco                    ;20;Gipuzkoa                                          ;682.517;744;437.592;335.512;331.292;330.135;1.157;4.220;0;0;93.010;3;12.042;0;27.048;0;4.841;0;0;0;102.494;3;0;0;0;0;0;0;1.059;0;0;0;2.476;0;0;0;0;0;31.208;1;0;0;3.830;0;0;0;18.167;0;0;0;0;0;0;0;16.627;0;0;0;0;0;0;0;0;0;0;0;0;0;0;0;0;0;0;0;0;0;15.505;0;0;0;0;0;0;0;0;0;0;0;0;0;0;0;0;0;10;0;0;0;0;0;0;0;1.818;0;0;0;0;0;0;0;0;0;0;0;0;0;0;0;0;0;0;0;0;0;0;0;0;0;0;0;0;0;0;0;0;0;0;0;0;0;0;0;0;0;0;0;0;0;0;0;0;0;0;0;0;0;0;0;0;0;0;0;0;0;0;0;0;0;0;0;0;0
País Vasco                    ;48;Bizkaia                                           ;1.151.102;1.177;749.572;572.548;556.235;555.069;1.166;16.313;91.262;2;140.643;3;29.968;0;36.934;1;12.038;0;0;0;171.991;4;0;0;0;0;0;0;2.767;0;6.224;0;2.825;0;0;0;0;0;30.209;0;0;0;4.478;0;0;0;15.079;0;0;0;0;0;0;0;6.034;0;0;0;0;0;0;0;0;0;0;0;0;0;0;0;0;0;0;0;0;0;0;0;0;0;0;0;0;0;0;0;0;0;0;0;0;0;0;0;0;0;0;0;0;0;0;0;4.617;0;0;0;0;0;0;0;0;0;0;0;0;0;0;0;0;0;0;0;0;0;0;0;0;0;0;0;0;0;0;0;0;0;0;0;0;0;0;0;0;0;0;0;0;0;0;0;0;0;0;0;0;0;0;0;0;0;0;0;0;0;0;0;0;0;0;0;0;0
Región de Murcia              ;30;Murcia                                            ;881.340;1.097;551.021;450.752;446.272;445.612;660;4.480;181.633;4;155.871;4;29.840;0;30.167;0;22.627;0;0;0;0;0;9.166;0;0;0;0;0;1.544;0;5.886;0;2.606;0;0;0;2.291;0;0;0;1.668;0;0;0;0;0;0;0;0;0;0;0;0;0;0;0;0;0;0;0;0;0;0;0;0;0;0;0;0;0;0;0;0;0;0;0;0;0;0;0;0;0;0;0;0;0;0;0;0;0;0;0;0;0;0;0;0;0;0;0;0;0;0;0;0;0;0;0;0;0;0;0;2.313;0;0;0;0;0;0;0;0;0;0;0;0;0;0;0;0;0;0;0;0;0;0;0;0;0;0;0;0;0;0;0;0;0;0;0;0;0;0;0;0;0;0;0;0;0;0;0;0;0;0;0;0;0;0;0;0;0;0;0
La Rioja                      ;26;La Rioja                                          ;240.746;405;167.030;140.429;137.659;137.303;356;2.770;56.917;2;36.186;1;3.846;0;19.925;1;3.188;0;0;0;0;0;3.593;0;0;0;0;0;1.006;0;1.936;0;1.986;0;0;0;0;0;0;0;639;0;0;0;0;0;0;0;0;0;0;0;0;0;0;0;0;0;0;0;0;0;0;0;0;0;0;0;0;0;0;0;0;0;0;0;0;0;0;0;0;0;0;0;0;0;0;0;0;0;0;0;0;0;0;0;0;0;0;0;0;0;0;0;0;0;0;0;0;0;5.682;0;0;0;0;0;0;0;0;0;0;0;0;0;0;0;0;0;0;0;0;0;0;0;0;0;0;0;0;0;2.399;0;0;0;0;0;0;0;0;0;0;0;0;0;0;0;0;0;0;0;0;0;0;0;0;0;0;0;0;0;0;0
Comunitat Valenciana          ;3;Alicante / Alacant                                ;1.051.941;1.291;677.156;556.525;549.184;548.113;1.071;7.341;197.100;4;213.242;4;50.444;1;35.755;0;21.621;0;0;0;0;0;8.160;0;0;0;0;0;2.726;0;4.479;0;1.101;0;4.028;0;5.240;0;0;0;1.760;0;0;0;0;0;0;0;0;0;0;0;0;0;0;0;0;0;0;0;0;0;0;0;0;0;0;0;0;0;0;0;0;0;0;0;0;0;0;0;0;0;0;0;0;0;0;0;0;0;0;0;0;0;0;0;0;0;943;0;0;0;0;0;0;0;0;0;0;0;0;0;0;0;0;0;0;0;0;0;0;0;0;0;0;0;0;0;0;0;0;0;0;0;0;0;788;0;0;0;0;0;0;0;0;0;0;0;0;0;0;0;0;0;0;0;0;0;0;0;726;0;0;0;0;0;0;0;0;0;0;0
Comunitat Valenciana          ;12;Castellón / Castelló                              ;410.984;544;283.161;242.186;238.154;237.404;750;4.032;84.115;2;69.976;2;14.029;0;14.596;0;6.430;0;0;0;0;0;5.515;0;0;0;0;0;1.040;0;2.600;0;0;0;0;0;0;0;0;0;0;0;1.024;0;0;0;0;0;3.727;0;29.834;1;0;0;0;0;1.389;0;0;0;0;0;0;0;0;0;0;0;0;0;0;0;0;0;0;0;0;0;0;0;0;0;0;0;0;0;0;0;0;0;0;0;0;0;0;0;0;0;0;0;0;0;0;0;0;0;0;0;0;0;0;0;877;0;0;0;0;0;0;0;0;0;0;0;0;0;0;0;0;0;0;0;0;0;0;0;0;0;0;0;0;0;0;0;0;0;2.252;0;0;0;0;0;0;0;0;0;0;0;0;0;0;0;0;0;0;0;0;0;0;0;0;0
Comunitat Valenciana          ;46;Valencia / València                               ;1.905.152;2.146;1.287.981;1.091.199;1.080.031;1.078.161;1.870;11.168;334.705;5;395.211;7;106.133;1;60.410;1;58.654;1;0;0;0;0;34.788;0;0;0;0;0;6.704;0;5.434;0;2.995;0;14.275;0;3.419;0;0;0;2.937;0;3.551;0;0;0;0;0;27.411;0;0;0;0;0;0;0;0;0;0;0;0;0;0;0;0;0;0;0;0;0;12.738;0;0;0;0;0;0;0;0;0;0;0;0;0;0;0;0;0;0;0;0;0;0;0;0;0;0;0;1.871;0;0;0;0;0;0;0;0;0;0;0;0;0;0;0;0;0;0;0;0;0;0;0;0;0;0;0;0;0;0;0;0;0;0;0;2.737;0;1.843;0;0;0;0;0;0;0;2.345;0;0;0;0;0;0;0;0;0;0;0;0;0;0;0;0;0;0;0;0;0;0;0;0;0;0;0
Ciudad de Ceuta               ;51;Ceuta                                             ;67.077;57;31.672;24.578;24.290;24.223;67;288;8.808;1;7.886;0;0;0;2.915;0;2.763;0;0;0;0;0;0;0;0;0;0;0;0;0;0;0;0;0;0;0;752;0;0;0;0;0;0;0;0;0;0;0;0;0;0;0;0;0;0;0;0;0;0;0;0;0;0;0;0;0;0;0;0;0;0;0;0;0;0;0;0;0;0;0;0;0;0;0;0;0;0;0;0;0;0;0;0;0;0;0;0;0;0;0;0;0;0;0;0;0;0;0;0;0;0;0;0;0;0;0;0;0;0;0;0;0;0;0;0;0;0;0;0;0;0;0;0;0;0;0;0;0;0;0;0;0;0;0;0;0;0;0;0;0;0;0;0;0;0;0;1.099;0;0;0;0;0;0;0;0;0;0;0;0;0;0;0
Ciudad de Melilla             ;52;Melilla                                           ;60.191;44;25.368;19.291;19.056;18.949;107;235;10.723;1;5.186;0;966;0;2.074;0;0;0;0;0;0;0;0;0;0;0;0;0;0;0;0;0;0;0;0;0;0;0;0;0;0;0;0;0;0;0;0;0;0;0;0;0;0;0;0;0;0;0;0;0;0;0;0;0;0;0;0;0;0;0;0;0;0;0;0;0;0;0;0;0;0;0;0;0;0;0;0;0;0;0;0;0;0;0;0;0;0;0;0;0;0;0;0;0;0;0;0;0;0;0;0;0;0;0;0;0;0;0;0;0;0;0;0;0;0;0;0;0;0;0;0;0;0;0;0;0;0;0;0;0;0;0;0;0;0;0;0;0;0;0;0;0;0;0;0;0;0;0;0;0;0;0;0;0;0;0;0;0;0;0;0;0
;;;;;;;;;;;;;;;;;;;;;;;;;;;;;;;;;;;;;;;;;;;;;;;;;;;;;;;;;;;;;;;;;;;;;;;;;;;;;;;;;;;;;;;;;;;;;;;;;;;;;;;;;;;;;;;;;;;;;;;;;;;;;;;;;;;;;;;;;;;;;;;;;;;;;;;;;;;;;;;;;;;;;;;;;;;;;;
;;Total;36.079.654;46.057;23.583.762;18.590.130;18.324.333;18.278.085;46.248;265.797;6.310.391;165;5.371.866;118;1.709.890;20;1.504.771;16;816.582;6;514.647;11;296.193;8;215.841;0;172.791;2;143.954;1;122.608;0;101.916;0;77.575;0;67.336;0;64.241;0;61.417;1;46.548;0;41.208;0;37.183;1;36.002;0;31.138;0;29.834;1;27.197;0;26.100;0;25.017;0;24.489;0;22.771;0;21.900;0;21.350;0;21.242;0;20.109;0;18.113;0;18.079;0;17.717;0;15.505;0;12.040;0;11.914;0;11.879;0;10.821;0;10.606;0;9.650;0;9.157;0;8.741;0;8.461;0;8.439;0;8.184;0;6.472;0;6.435;0;6.411;0;6.158;0;6.014;0;5.682;0;5.541;0;5.206;0;5.110;0;4.814;0;4.791;0;4.590;0;4.530;0;4.118;0;3.786;0;3.196;0;2.946;0;2.737;0;2.631;0;2.622;0;2.399;0;2.347;0;2.345;0;2.252;0;1.684;0;1.623;0;1.504;0;1.480;0;1.099;0;938;0;855;0;833;0;805;0;492;0;226;0;0;0