;;;;;;;;;;;;;;;;;;;;;;;;;;;;;;;;;;;;;;;;;;;;;;;;;;;;;;;;;;;;;;;;;;;;;;;;;;;;;;;;;;;;;;;;;;;;;;;;;;;;;;;;;;;;;;;;;;;;
;;;;;;;;;;;;;;;;;;;;;;;;;;;;;;;;;;;;;;;;;;;;;;;;;;;;;;;;;;;;;;;;;;;;;;;;;;;;;;;;;;;;;;;;;;;;;;;;;;;;;;;;;;;;;;;;;;;;
Congreso | Marzo 1979 | Resultados por circunscripción;;;;;;;;;;;;;;;;;;;;;;;;;;;;;;;;;;;;;;;;;;;;;;;;;;;;;;;;;;;;;;;;;;;;;;;;;;;;;;;;;;;;;;;;;;;;;;;;;;;;;;;;;;;;;;;;;;;;
;;;;;;;;;;;UNION DE CENTRO DEMOCRATICO;;PARTIDO SOCIALISTA OBRERO ESPAÑOL;;PARTIDO COMUNISTA DE ESPAÑA;;COALICION DEMOCRATICA;;COALICION CONVERGENCIA Y UNIO;;PARTIDO UNION NACIONAL;;PARTIDO ANDALUCISTA;;EUZKO ALDERDI JELTZALEA-PARTIDO NACIONALISTA VASCO;;PARTIDO DEL TRABAJO DE ESPAÑA;;HERRI BATASUNA;;PART. SOCIALISTA OBRERO ESPAÑOL(SECTOR HISTORICO);;ORGANIZACION REVOLUCIONARIA DE LOS TRABAJADORES;;ESQUERRA REPUBLICANA DE CATALUNYA - FRONT NACIONAL;;EUSKADIKO EZKERRA;;MOVIMIENTO COMUNISTA-ORGANIZ.IZQUIERDA COMUNISTA;;BLOQUE NACIONAL POPULAR GALLEGO;;UNION DEL PUEBLO CANARIO;;BLOC D'ESQUERRAD'ALLIBERAMENT NACIONAL;;UNIDADE GALEGA;;IZQUIERDA REPUBLICANA;;PARTIDO CARLISTA;;ORGANIZ. COMUNISTA DE ESPAÑA B.R.-UNIF.COMUNISTA;;PARTIDO COMUNISTA DE LOS TRABAJADORES;;PARTIDO ARAGONES REGIONALISTA;;LIGA COMUNISTA REVOLUCIONARIA;;UNION FORAL PAIS VASCO;;FALANGE ESPAÑOLA DE LAS JONS AUTENTICA;;UNION DEL PUEBLO NAVARRO;;COALICION POR ARAGON;;PARTIDO NACIONALISTA DE CASTILLA Y LEON;;PARTIDO LIBERAL;;UNIO REGIONAL VALENCIANISTA;;PARTIT NACIONALISTA DEL PAIS VALENCIA;;UNION NAVARRA DE IZQUIERDA;;PARTIDO RURALISTA ESPAÑOL;;PARTIDO DEL PAIS CANARIO;;SOCIALISTAS DE MALLORCA I MENORCA;;PARTIDO SINDICALISTA;;UNION PARA LA LIBERTAD DE EXPRESION;;ESTAT CATALA;;PARTIDO CANTONAL;;CANDIDATURA INDEPENDIENTE DEL CAMPO;;DEMOCRACIAL SOCIAL CRISTIANA DE CATALUÑA;;PARTIDO PROVERISTA;;ACCION REPUBLICANA DEMOCRATICA ESPAÑOLA;;LIGA COMUNISTA;;CONCEYU NACIONALISTA ASTUR;;FALANGE ESPAÑOLA AUTENTICA;;PARTIDO INDEPENDIENTE PRO POLITICA AUSTERA;;PARTIDO OBRERO Y CAMPESINO;;CANDIDATOS INDEPENDIENTES;;FALANGE ESPAÑOLA INDEPENDIENTE-UNIDAD FALANGISTA;;FALANGE ESPAÑOLA - UNIDAD FALANGISTA;
;;;;;;;;;;;UCD;;PSOE;;PCE;;CD;;CIU;;UN;;PSA-PA;;PNV;;PTE;;HB;;PSOE-H;;ORT;;ERFN;;EE;;MC-OIC;;BNPG;;C-UPC;;BEAN;;PG-POG-PSG;;IR;;PCARL;;OCEBR-UCE;;PCT;;PAR;;LCR;;UFV;;FJONSA;;UPN;;PSAR - PSDA;;PANCAL;;PLIB;;URV;;PNPV;;UNAI;;PRE;;PDPCAN;;SMIM;;PSIN;;ULE;;E CATALA;;P-CANT;;CIC;;DSCC;;PPROV;;ARDE;;LC;;CNA;;FEA;;PIPPA;;POC;;CIME;;UF-FI-AT;;FE-UF;
Nombre de Comunidad;Código de Provincia;Nombre de Provincia;Población;Número de mesas;Total censo electoral;Total votantes;Votos válidos;Votos a candidaturas;Votos en blanco;Votos nulos;Votos;Diputados;Votos;Diputados;Votos;Diputados;Votos;Diputados;Votos;Diputados;Votos;Diputados;Votos;Diputados;Votos;Diputados;Votos;Diputados;Votos;Diputados;Votos;Diputados;Votos;Diputados;Votos;Diputados;Votos;Diputados;Votos;Diputados;Votos;Diputados;Votos;Diputados;Votos;Diputados;Votos;Diputados;Votos;Diputados;Votos;Diputados;Votos;Diputados;Votos;Diputados;Votos;Diputados;Votos;Diputados;Votos;Diputados;Votos;Diputados;Votos;Diputados;Votos;Diputados;Votos;Diputados;Votos;Diputados;Votos;Diputados;Votos;Diputados;Votos;Diputados;Votos;Diputados;Votos;Diputados;Votos;Diputados;Votos;Diputados;Votos;Diputados;Votos;Diputados;Votos;Diputados;Votos;Diputados;Votos;Diputados;Votos;Diputados;Votos;Diputados;Votos;Diputados;Votos;Diputados;Votos;Diputados;Votos;Diputados;Votos;Diputados;Votos;Diputados;Votos;Diputados;Votos;Diputados
Andalucía                     ;4;Almería                                           ;411.665;393;278.280;184.489;182.899;182.539;360;1.590;80.854;3;67.782;2;13.534;0;8.067;0;0;0;3.097;0;5.074;0;0;0;872;0;0;0;0;0;302;0;0;0;0;0;731;0;0;0;0;0;0;0;0;0;413;0;144;0;0;0;0;0;0;0;0;0;0;0;0;0;0;0;0;0;0;0;1.484;0;0;0;0;0;0;0;0;0;0;0;0;0;0;0;185;0;0;0;0;0;0;0;0;0;0;0;0;0;0;0;0;0;0;0;0;0;0;0;0;0;0;0;0;0
Andalucía                     ;11;Cádiz                                             ;999.129;1.012;643.731;422.011;413.958;412.986;972;8.053;121.800;2;124.693;3;43.824;1;13.465;0;0;0;4.538;0;81.598;2;0;0;13.254;0;0;0;1.732;0;970;0;0;0;0;0;1.040;0;0;0;0;0;0;0;0;0;729;0;661;0;1.133;0;1.458;0;0;0;767;0;0;0;617;0;0;0;0;0;0;0;0;0;0;0;0;0;0;0;0;0;0;0;0;0;0;0;0;0;0;0;0;0;0;0;0;0;0;0;707;0;0;0;0;0;0;0;0;0;0;0;0;0;0;0;0;0
Andalucía                     ;14;Córdoba                                           ;744.359;753;512.633;373.627;369.849;369.281;568;3.778;110.734;3;111.237;3;70.554;1;20.909;0;0;0;7.427;0;36.826;0;0;0;4.080;0;0;0;3.168;0;467;0;0;0;0;0;1.078;0;0;0;0;0;0;0;0;0;581;0;0;0;1.063;0;634;0;0;0;0;0;0;0;523;0;0;0;0;0;0;0;0;0;0;0;0;0;0;0;0;0;0;0;0;0;0;0;0;0;0;0;0;0;0;0;0;0;0;0;0;0;0;0;0;0;0;0;0;0;0;0;0;0;0;0;0;0
Andalucía                     ;18;Granada                                           ;771.227;668;524.797;360.733;358.073;357.633;440;2.660;131.107;3;128.002;3;45.384;1;16.958;0;0;0;4.381;0;22.136;0;0;0;3.161;0;0;0;2.123;0;304;0;0;0;0;0;1.066;0;0;0;0;0;0;0;0;0;390;0;174;0;1.412;0;0;0;0;0;430;0;0;0;0;0;0;0;0;0;0;0;0;0;0;0;0;0;0;0;0;0;0;0;0;0;0;0;187;0;0;0;0;0;0;0;0;0;0;0;0;0;0;0;0;0;0;0;0;0;418;0;0;0;0;0;0;0
Andalucía                     ;21;Huelva                                            ;422.092;417;282.075;186.498;184.404;184.072;332;2.094;68.756;3;65.302;2;12.913;0;6.080;0;0;0;3.010;0;17.720;0;0;0;1.099;0;0;0;2.009;0;4.330;0;0;0;0;0;505;0;0;0;0;0;0;0;0;0;0;0;375;0;393;0;539;0;0;0;718;0;0;0;314;0;0;0;0;0;0;0;0;0;0;0;0;0;0;0;0;0;0;0;0;0;0;0;9;0;0;0;0;0;0;0;0;0;0;0;0;0;0;0;0;0;0;0;0;0;0;0;0;0;0;0;0;0
Andalucía                     ;23;Jaén                                              ;671.563;661;464.993;332.326;329.075;328.718;357;3.251;111.209;3;137.861;3;42.466;1;11.752;0;0;0;9.294;0;11.335;0;0;0;1.388;0;0;0;1.088;0;398;0;0;0;0;0;528;0;0;0;0;0;0;0;0;0;422;0;0;0;398;0;579;0;0;0;0;0;0;0;0;0;0;0;0;0;0;0;0;0;0;0;0;0;0;0;0;0;0;0;0;0;0;0;0;0;0;0;0;0;0;0;0;0;0;0;0;0;0;0;0;0;0;0;0;0;0;0;0;0;0;0;0;0
Andalucía                     ;29;Málaga                                            ;989.971;1.015;651.876;419.157;413.179;412.302;877;5.978;120.201;3;148.497;3;53.036;1;16.304;0;0;0;7.338;0;49.552;1;0;0;6.948;0;0;0;4.628;0;605;0;0;0;0;0;1.408;0;0;0;0;0;0;0;0;0;953;0;466;0;932;0;1.174;0;0;0;0;0;0;0;0;0;0;0;0;0;0;0;0;0;0;0;0;0;0;0;0;0;0;0;0;0;0;0;260;0;0;0;0;0;0;0;0;0;0;0;0;0;0;0;0;0;0;0;0;0;0;0;0;0;0;0;0;0
Andalucía                     ;41;Sevilla                                           ;1.452.450;1.854;978.772;698.818;692.141;691.090;1.051;6.677;191.099;4;203.468;4;110.731;2;32.428;0;0;0;9.225;0;101.601;2;0;0;27.337;0;0;0;3.706;0;1.086;0;0;0;0;0;1.031;0;0;0;0;0;0;0;0;0;741;0;0;0;4.271;0;1.134;0;0;0;774;0;0;0;1.029;0;0;0;0;0;0;0;0;0;0;0;0;0;0;0;0;0;0;0;0;0;0;0;0;0;0;0;0;0;0;0;0;0;443;0;0;0;0;0;0;0;0;0;0;0;986;0;0;0;0;0;0;0
Aragón                        ;22;Huesca                                            ;217.244;399;168.014;119.654;117.782;117.320;462;1.872;56.449;2;40.885;1;7.724;0;5.280;0;0;0;900;0;0;0;0;0;665;0;0;0;1.017;0;263;0;0;0;0;0;629;0;0;0;0;0;0;0;0;0;1.308;0;166;0;247;0;0;0;0;0;177;0;0;0;247;0;0;0;1.363;0;0;0;0;0;0;0;0;0;0;0;0;0;0;0;0;0;0;0;0;0;0;0;0;0;0;0;0;0;0;0;0;0;0;0;0;0;0;0;0;0;0;0;0;0;0;0;0;0
Aragón                        ;44;Teruel                                            ;157.996;323;122.441;85.295;84.350;83.902;448;945;46.775;2;22.886;1;2.737;0;6.971;0;0;0;2.000;0;0;0;0;0;475;0;0;0;0;0;151;0;0;0;0;0;247;0;0;0;0;0;0;0;0;0;246;0;197;0;152;0;322;0;0;0;128;0;0;0;0;0;0;0;615;0;0;0;0;0;0;0;0;0;0;0;0;0;0;0;0;0;0;0;0;0;0;0;0;0;0;0;0;0;0;0;0;0;0;0;0;0;0;0;0;0;0;0;0;0;0;0;0;0
Aragón                        ;50;Zaragoza                                          ;820.853;1.169;609.306;431.657;424.731;423.096;1.635;6.926;153.457;4;113.600;3;34.000;0;22.969;0;0;0;7.843;0;0;0;0;0;19.883;0;0;0;4.022;0;2.432;0;0;0;0;0;2.780;0;0;0;0;0;0;0;0;0;2.086;0;872;0;756;0;1.416;0;38.042;1;788;0;0;0;908;0;0;0;17.242;0;0;0;0;0;0;0;0;0;0;0;0;0;0;0;0;0;0;0;0;0;0;0;0;0;0;0;0;0;0;0;0;0;0;0;0;0;0;0;0;0;0;0;0;0;0;0;0;0
Principado de Asturias        ;33;Asturias                                          ;1.162.712;1.442;868.893;545.179;537.364;536.168;1.196;7.815;177.459;4;200.346;4;73.744;1;46.365;1;0;0;11.178;0;0;0;0;0;1.489;0;0;0;3.101;0;2.518;0;0;0;0;0;6.003;0;0;0;0;0;0;0;0;0;1.740;0;0;0;1.149;0;3.102;0;0;0;1.312;0;0;0;1.623;0;0;0;0;0;0;0;0;0;0;0;0;0;0;0;0;0;0;0;0;0;0;0;802;0;0;0;0;0;0;0;0;0;0;0;0;0;0;0;3.049;0;0;0;0;0;0;0;0;0;1.188;0;0;0
Illes Balears                 ;7;Illes Balears                                     ;634.248;870;452.061;314.850;300.331;299.197;1.134;14.519;146.927;4;88.232;2;14.757;0;27.554;0;0;0;3.165;0;0;0;0;0;1.793;0;0;0;0;0;1.070;0;0;0;0;0;1.179;0;0;0;0;0;0;0;0;0;0;0;1.257;0;0;0;1.544;0;0;0;893;0;0;0;0;0;0;0;0;0;0;0;0;0;0;0;0;0;0;0;0;0;0;0;10.022;0;0;0;804;0;0;0;0;0;0;0;0;0;0;0;0;0;0;0;0;0;0;0;0;0;0;0;0;0;0;0;0;0
Canarias                      ;35;Las Palmas                                        ;685.799;936;421.003;296.783;287.790;286.766;1.024;8.993;171.842;4;41.616;1;8.245;0;8.607;0;0;0;2.218;0;0;0;0;0;1.315;0;0;0;0;0;1.165;0;0;0;0;0;0;0;0;0;38.304;1;0;0;0;0;1.019;0;774;0;0;0;0;0;0;0;826;0;0;0;0;0;0;0;0;0;0;0;0;0;0;0;0;0;0;0;0;0;10.099;0;0;0;0;0;736;0;0;0;0;0;0;0;0;0;0;0;0;0;0;0;0;0;0;0;0;0;0;0;0;0;0;0;0;0
Canarias                      ;38;Santa Cruz de Tenerife                            ;694.628;751;474.841;250.940;246.409;245.740;669;4.531;139.908;5;53.604;2;11.560;0;11.204;0;0;0;3.482;0;0;0;0;0;1.644;0;0;0;0;0;1.796;0;0;0;0;0;0;0;0;0;20.649;0;0;0;0;0;0;0;852;0;0;0;0;0;0;0;1.041;0;0;0;0;0;0;0;0;0;0;0;0;0;0;0;0;0;0;0;0;0;0;0;0;0;0;0;0;0;0;0;0;0;0;0;0;0;0;0;0;0;0;0;0;0;0;0;0;0;0;0;0;0;0;0;0;0
Cantabria                     ;39;Cantabria                                         ;510.460;806;375.666;264.658;259.307;258.132;1.175;5.351;108.552;3;78.512;2;17.140;0;26.707;0;0;0;10.106;0;0;0;0;0;4.014;0;0;0;3.735;0;3.267;0;0;0;0;0;872;0;0;0;0;0;0;0;0;0;643;0;1.013;0;772;0;0;0;0;0;752;0;0;0;1.387;0;0;0;0;0;0;0;0;0;0;0;0;0;0;0;0;0;0;0;0;0;0;0;0;0;0;0;0;0;0;0;0;0;0;0;0;0;0;0;0;0;0;0;0;0;0;0;0;0;0;0;660;0
Castilla - La Mancha          ;2;Albacete                                          ;340.797;499;238.682;170.678;169.109;168.750;359;1.569;65.883;2;65.465;2;20.945;0;8.224;0;0;0;3.753;0;0;0;0;0;455;0;0;0;2.205;0;284;0;0;0;0;0;0;0;0;0;0;0;0;0;0;0;311;0;241;0;481;0;338;0;0;0;165;0;0;0;0;0;0;0;0;0;0;0;0;0;0;0;0;0;0;0;0;0;0;0;0;0;0;0;0;0;0;0;0;0;0;0;0;0;0;0;0;0;0;0;0;0;0;0;0;0;0;0;0;0;0;0;0;0
Castilla - La Mancha          ;13;Ciudad Real                                       ;495.903;593;360.747;246.203;243.851;243.398;453;2.352;100.896;3;95.996;2;19.171;0;11.659;0;0;0;10.004;0;0;0;0;0;2.238;0;0;0;0;0;1.296;0;0;0;0;0;0;0;0;0;0;0;0;0;0;0;0;0;388;0;840;0;0;0;0;0;0;0;0;0;910;0;0;0;0;0;0;0;0;0;0;0;0;0;0;0;0;0;0;0;0;0;0;0;0;0;0;0;0;0;0;0;0;0;0;0;0;0;0;0;0;0;0;0;0;0;0;0;0;0;0;0;0;0
Castilla - La Mancha          ;16;Cuenca                                            ;226.573;344;167.946;124.450;122.718;122.200;518;1.732;64.273;3;38.654;1;10.049;0;7.388;0;0;0;0;0;0;0;0;0;265;0;0;0;0;0;319;0;0;0;0;0;196;0;0;0;0;0;0;0;0;0;0;0;177;0;181;0;0;0;0;0;0;0;0;0;0;0;0;0;0;0;0;0;0;0;0;0;0;0;0;0;0;0;0;0;0;0;0;0;0;0;0;0;0;0;0;0;0;0;0;0;0;0;0;0;0;0;698;0;0;0;0;0;0;0;0;0;0;0
Castilla - La Mancha          ;19;Guadalajara                                       ;143.003;404;108.095;78.357;77.458;77.172;286;899;36.361;2;18.155;1;6.699;0;8.416;0;0;0;5.131;0;0;0;0;0;301;0;0;0;666;0;513;0;0;0;0;0;107;0;0;0;0;0;0;0;0;0;0;0;0;0;421;0;0;0;0;0;0;0;0;0;156;0;0;0;0;0;0;0;0;0;0;0;0;0;0;0;0;0;0;0;0;0;0;0;0;0;0;0;0;0;0;0;0;0;0;0;0;0;0;0;0;0;246;0;0;0;0;0;0;0;0;0;0;0
Castilla - La Mancha          ;45;Toledo                                            ;479.141;497;345.126;268.645;265.700;265.201;499;2.945;110.700;3;85.288;2;28.961;0;14.933;0;0;0;19.383;0;0;0;0;0;1.692;0;0;0;1.753;0;1.421;0;0;0;0;0;0;0;0;0;0;0;0;0;0;0;0;0;0;0;0;0;0;0;0;0;0;0;0;0;637;0;0;0;0;0;0;0;0;0;0;0;0;0;0;0;0;0;0;0;0;0;0;0;0;0;0;0;0;0;0;0;0;0;0;0;0;0;0;0;0;0;433;0;0;0;0;0;0;0;0;0;0;0
Castilla y León               ;5;Ávila                                             ;194.540;312;146.183;103.007;101.805;101.306;499;1.202;67.001;3;20.341;0;3.661;0;6.995;0;0;0;1.599;0;0;0;0;0;265;0;0;0;0;0;278;0;0;0;0;0;429;0;0;0;0;0;0;0;0;0;0;0;109;0;0;0;271;0;0;0;125;0;0;0;232;0;0;0;0;0;0;0;0;0;0;0;0;0;0;0;0;0;0;0;0;0;0;0;0;0;0;0;0;0;0;0;0;0;0;0;0;0;0;0;0;0;0;0;0;0;0;0;0;0;0;0;0;0
Castilla y León               ;9;Burgos                                            ;365.940;826;269.771;183.336;180.249;179.223;1.026;3.087;95.425;3;41.394;1;7.189;0;14.759;0;0;0;6.900;0;0;0;0;0;2.215;0;0;0;2.250;0;2.288;0;0;0;0;0;1.139;0;0;0;0;0;0;0;0;0;0;0;499;0;0;0;0;0;0;0;837;0;0;0;729;0;0;0;0;0;2.636;0;0;0;0;0;0;0;0;0;963;0;0;0;0;0;0;0;0;0;0;0;0;0;0;0;0;0;0;0;0;0;0;0;0;0;0;0;0;0;0;0;0;0;0;0;0;0
Castilla y León               ;24;León                                              ;546.671;848;410.142;261.085;257.471;256.396;1.075;3.614;129.085;4;71.533;2;15.157;0;29.313;0;0;0;3.029;0;0;0;0;0;1.405;0;0;0;0;0;1.262;0;0;0;0;0;630;0;0;0;0;0;0;0;0;0;0;0;335;0;0;0;1.408;0;0;0;515;0;0;0;1.227;0;0;0;0;0;0;0;0;0;0;0;0;0;0;0;1.379;0;0;0;0;0;0;0;118;0;0;0;0;0;0;0;0;0;0;0;0;0;0;0;0;0;0;0;0;0;0;0;0;0;0;0;0;0
Castilla y León               ;34;Palencia                                          ;190.136;530;141.783;100.877;99.290;98.642;648;1.587;51.069;2;25.888;1;4.517;0;9.351;0;0;0;3.746;0;0;0;0;0;1.033;0;0;0;0;0;325;0;0;0;0;0;302;0;0;0;0;0;0;0;0;0;0;0;153;0;244;0;571;0;0;0;0;0;0;0;367;0;0;0;0;0;0;0;0;0;0;0;0;0;0;0;466;0;0;0;0;0;0;0;0;0;0;0;0;0;0;0;0;0;117;0;0;0;0;0;0;0;0;0;0;0;493;0;0;0;0;0;0;0
Castilla y León               ;37;Salamanca                                         ;366.491;607;277.145;198.518;195.098;193.888;1.210;3.420;104.328;3;51.866;1;7.837;0;14.992;0;0;0;1.946;0;0;0;0;0;1.133;0;0;0;2.642;0;831;0;0;0;0;0;487;0;0;0;0;0;0;0;0;0;587;0;0;0;0;0;0;0;0;0;692;0;0;0;432;0;0;0;0;0;0;0;0;0;0;0;0;0;0;0;0;0;0;0;0;0;0;0;0;0;0;0;0;0;6.115;0;0;0;0;0;0;0;0;0;0;0;0;0;0;0;0;0;0;0;0;0;0;0
Castilla y León               ;40;Segovia                                           ;153.103;277;111.360;84.286;83.258;82.691;567;1.028;49.375;2;19.216;1;3.450;0;5.458;0;0;0;948;0;0;0;0;0;306;0;0;0;0;0;299;0;0;0;0;0;532;0;0;0;0;0;0;0;0;0;0;0;0;0;0;0;0;0;0;0;0;0;0;0;195;0;0;0;0;0;0;0;0;0;0;0;0;0;0;0;2.912;0;0;0;0;0;0;0;0;0;0;0;0;0;0;0;0;0;0;0;0;0;0;0;0;0;0;0;0;0;0;0;0;0;0;0;0;0
Castilla y León               ;42;Soria                                             ;105.231;295;81.764;56.946;55.520;54.932;588;1.426;31.756;2;14.187;1;1.550;0;5.567;0;0;0;664;0;0;0;0;0;341;0;0;0;0;0;320;0;0;0;0;0;301;0;0;0;0;0;0;0;0;0;0;0;0;0;246;0;0;0;0;0;0;0;0;0;0;0;0;0;0;0;0;0;0;0;0;0;0;0;0;0;0;0;0;0;0;0;0;0;0;0;0;0;0;0;0;0;0;0;0;0;0;0;0;0;0;0;0;0;0;0;0;0;0;0;0;0;0;0
Castilla y León               ;47;Valladolid                                        ;473.942;688;334.363;247.117;244.744;243.306;1.438;2.373;93.062;3;71.230;2;18.229;0;19.706;0;0;0;8.931;0;0;0;0;0;3.117;0;0;0;2.802;0;1.570;0;0;0;0;0;1.755;0;0;0;0;0;0;0;0;0;740;0;0;0;1.045;0;1.032;0;0;0;627;0;0;0;1.164;0;0;0;0;0;13.380;0;745;0;0;0;0;0;0;0;3.528;0;0;0;0;0;0;0;0;0;0;0;0;0;0;0;0;0;0;0;0;0;0;0;0;0;643;0;0;0;0;0;0;0;0;0;0;0
Castilla y León               ;49;Zamora                                            ;237.443;407;179.653;123.173;120.680;119.799;881;2.493;61.025;3;27.143;1;3.506;0;19.603;0;0;0;2.111;0;0;0;0;0;591;0;0;0;0;0;463;0;0;0;0;0;563;0;0;0;0;0;0;0;0;0;0;0;0;0;372;0;488;0;0;0;0;0;0;0;400;0;0;0;0;0;0;0;2.458;0;0;0;0;0;0;0;1.076;0;0;0;0;0;0;0;0;0;0;0;0;0;0;0;0;0;0;0;0;0;0;0;0;0;0;0;0;0;0;0;0;0;0;0;0;0
Cataluña                      ;8;Barcelona                                         ;4.655.759;5.242;3.466.533;2.337.309;2.294.556;2.284.842;9.714;42.753;387.543;6;694.847;12;436.908;7;84.195;1;362.427;6;20.743;0;0;0;0;0;36.001;0;0;0;29.868;0;11.122;0;88.770;1;2.550;0;10.714;0;0;0;0;0;41.430;0;0;0;15.019;0;2.554;0;14.635;0;10.022;0;0;0;5.775;0;0;0;3.908;0;0;0;0;0;0;0;3.267;0;0;0;0;0;0;0;0;0;0;0;0;0;5.932;0;1.838;0;5.767;0;0;0;0;0;4.976;0;1.622;0;0;0;0;0;0;0;0;0;2.409;0;0;0;0;0;0;0;0;0
Cataluña                      ;17;Girona                                            ;460.808;634;336.539;240.636;236.594;235.866;728;4.042;58.939;2;66.328;2;22.261;0;7.927;0;58.735;1;2.372;0;0;0;0;0;1.229;0;0;0;0;0;513;0;9.964;0;0;0;457;0;0;0;0;0;1.939;0;0;0;1.374;0;517;0;1.455;0;1.440;0;0;0;416;0;0;0;0;0;0;0;0;0;0;0;0;0;0;0;0;0;0;0;0;0;0;0;0;0;0;0;0;0;0;0;0;0;0;0;0;0;0;0;0;0;0;0;0;0;0;0;0;0;0;0;0;0;0;0;0;0
Cataluña                      ;25;Lleida                                            ;355.891;492;267.584;174.656;172.170;171.491;679;2.486;54.540;2;42.937;1;18.340;0;5.509;0;27.399;1;1.875;0;0;0;0;0;1.914;0;0;0;0;0;355;0;13.336;0;0;0;562;0;0;0;0;0;1.476;0;0;0;1.066;0;461;0;618;0;0;0;0;0;371;0;0;0;0;0;0;0;0;0;0;0;0;0;0;0;0;0;0;0;0;0;0;0;0;0;0;0;171;0;561;0;0;0;0;0;0;0;0;0;0;0;0;0;0;0;0;0;0;0;0;0;0;0;0;0;0;0
Cataluña                      ;43;Tarragona                                         ;521.889;652;372.005;251.500;247.815;247.224;591;3.685;69.926;2;71.417;2;35.283;1;9.998;0;34.792;0;2.311;0;0;0;0;0;1.201;0;0;0;0;0;1.038;0;11.382;0;0;0;1.295;0;0;0;0;0;2.117;0;0;0;1.099;0;1.622;0;921;0;1.746;0;0;0;375;0;0;0;410;0;0;0;0;0;0;0;0;0;0;0;0;0;0;0;0;0;0;0;0;0;0;0;291;0;0;0;0;0;0;0;0;0;0;0;0;0;0;0;0;0;0;0;0;0;0;0;0;0;0;0;0;0
Extremadura                   ;6;Badajoz                                           ;662.557;761;461.577;332.132;328.892;328.319;573;3.240;146.699;4;122.680;3;30.873;0;11.194;0;0;0;6.220;0;0;0;0;0;1.852;0;0;0;3.183;0;4.779;0;0;0;0;0;369;0;0;0;0;0;0;0;0;0;470;0;0;0;0;0;0;0;0;0;0;0;0;0;0;0;0;0;0;0;0;0;0;0;0;0;0;0;0;0;0;0;0;0;0;0;0;0;0;0;0;0;0;0;0;0;0;0;0;0;0;0;0;0;0;0;0;0;0;0;0;0;0;0;0;0;0;0
Extremadura                   ;10;Cáceres                                           ;441.306;480;311.681;209.735;207.007;206.551;456;2.728;97.592;3;78.670;2;10.777;0;8.490;0;0;0;5.656;0;0;0;0;0;1.427;0;0;0;0;0;1.503;0;0;0;0;0;974;0;0;0;0;0;0;0;0;0;0;0;0;0;0;0;0;0;0;0;0;0;0;0;746;0;0;0;0;0;0;0;0;0;0;0;0;0;0;0;0;0;0;0;0;0;0;0;0;0;0;0;0;0;0;0;0;0;0;0;0;0;0;0;0;0;716;0;0;0;0;0;0;0;0;0;0;0
Galicia                       ;15;A Coruña                                          ;1.109.857;1.294;820.874;437.702;429.383;428.981;402;8.319;200.120;6;76.873;2;20.213;0;50.588;1;0;0;4.285;0;0;0;0;0;3.043;0;0;0;12.368;0;1.423;0;0;0;0;0;2.254;0;23.247;0;0;0;0;0;28.136;0;1.490;0;0;0;1.446;0;2.271;0;0;0;1.224;0;0;0;0;0;0;0;0;0;0;0;0;0;0;0;0;0;0;0;0;0;0;0;0;0;0;0;0;0;0;0;0;0;0;0;0;0;0;0;0;0;0;0;0;0;0;0;0;0;0;0;0;0;0;0;0;0
Galicia                       ;27;Lugo                                              ;416.972;548;328.638;161.880;159.620;159.120;500;2.260;79.964;3;27.920;1;2.441;0;30.731;1;0;0;816;0;0;0;0;0;407;0;0;0;0;0;286;0;0;0;0;0;264;0;11.834;0;0;0;0;0;2.911;0;658;0;228;0;0;0;0;0;0;0;0;0;0;0;0;0;0;0;0;0;0;0;0;0;0;0;0;0;0;0;0;0;0;0;0;0;0;0;0;0;0;0;0;0;0;0;0;0;195;0;0;0;249;0;0;0;0;0;0;0;0;0;0;0;0;0;216;0
Galicia                       ;32;Ourense                                           ;445.232;514;346.660;143.391;143.391;143.391;0;0;75.271;3;23.292;1;3.829;0;26.901;1;0;0;0;0;0;0;0;0;741;0;0;0;0;0;417;0;0;0;0;0;622;0;7.899;0;0;0;0;0;3.348;0;0;0;606;0;0;0;0;0;0;0;465;0;0;0;0;0;0;0;0;0;0;0;0;0;0;0;0;0;0;0;0;0;0;0;0;0;0;0;0;0;0;0;0;0;0;0;0;0;0;0;0;0;0;0;0;0;0;0;0;0;0;0;0;0;0;0;0;0
Galicia                       ;36;Pontevedra                                        ;888.307;1.084;617.127;296.770;291.182;290.298;884;5.588;137.769;5;49.213;2;16.111;0;37.046;1;0;0;2.733;0;0;0;0;0;2.637;0;0;0;0;0;1.081;0;0;0;0;0;1.693;0;17.909;0;0;0;0;0;21.160;0;970;0;877;0;0;0;0;0;0;0;1.099;0;0;0;0;0;0;0;0;0;0;0;0;0;0;0;0;0;0;0;0;0;0;0;0;0;0;0;0;0;0;0;0;0;0;0;0;0;0;0;0;0;0;0;0;0;0;0;0;0;0;0;0;0;0;0;0;0
Comunidad de Madrid           ;28;Madrid                                            ;4.578.974;5.087;3.177.732;2.328.229;2.307.644;2.298.953;8.691;20.585;764.830;12;769.328;12;310.496;4;198.345;3;0;0;110.730;1;0;0;0;0;25.832;0;0;0;13.322;0;48.354;0;0;0;3.029;0;9.095;0;0;0;0;0;0;0;0;0;7.950;0;1.683;0;6.680;0;4.675;0;0;0;4.691;0;0;0;5.264;0;0;0;0;0;0;0;4.873;0;0;0;0;0;0;0;0;0;0;0;0;0;3.845;0;1.716;0;0;0;0;0;0;0;0;0;1.510;0;0;0;2.705;0;0;0;0;0;0;0;0;0;0;0;0;0;0;0
Comunidad Foral de Navarra    ;31;Navarra                                           ;506.661;807;363.713;257.005;252.992;252.171;821;4.013;83.302;3;55.399;1;5.619;0;0;0;0;0;0;0;0;0;21.305;0;0;0;22.425;0;0;0;0;0;0;0;0;0;2.962;0;0;0;0;0;0;0;0;0;514;0;19.522;0;0;0;0;0;0;0;1.040;0;0;0;0;0;28.248;1;0;0;0;0;0;0;0;0;0;0;10.970;0;0;0;0;0;0;0;0;0;0;0;0;0;0;0;0;0;0;0;205;0;0;0;660;0;0;0;0;0;0;0;0;0;0;0;0;0;0;0
País Vasco                    ;1;Araba - Álava                                     ;251.965;315;174.145;119.892;116.601;116.120;481;3.291;29.625;2;24.891;1;3.877;0;0;0;0;0;1.061;0;0;0;26.722;1;777;0;11.594;0;683;0;1.218;0;0;0;5.442;0;1.246;0;0;0;0;0;0;0;0;0;0;0;972;0;0;0;7;0;0;0;601;0;7.205;0;0;0;0;0;0;0;0;0;0;0;0;0;0;0;0;0;0;0;0;0;0;0;0;0;0;0;0;0;0;0;0;0;0;0;199;0;0;0;0;0;0;0;0;0;0;0;0;0;0;0;0;0;0;0
País Vasco                    ;20;Gipuzkoa                                          ;707.968;744;507.142;334.773;328.647;327.886;761;6.126;50.551;1;59.863;2;10.034;0;0;0;0;0;2.397;0;0;0;87.090;2;0;0;57.811;1;0;0;2.765;0;0;0;42.293;1;4.754;0;0;0;0;0;0;0;0;0;498;0;4.124;0;0;0;0;0;0;0;2.000;0;3.419;0;287;0;0;0;0;0;0;0;0;0;0;0;0;0;0;0;0;0;0;0;0;0;0;0;0;0;0;0;0;0;0;0;0;0;0;0;0;0;0;0;0;0;0;0;0;0;0;0;0;0;0;0;0;0
País Vasco                    ;48;Bizkaia                                           ;1.208.988;1.177;866.185;565.885;553.407;552.280;1.127;12.478;88.431;2;105.481;2;31.942;0;0;0;0;0;7.521;0;0;0;161.480;4;0;0;80.280;2;4.131;0;2.932;0;0;0;32.363;0;7.292;0;0;0;0;0;0;0;0;0;1.229;0;1.380;0;0;0;0;0;0;0;3.039;0;23.484;0;795;0;0;0;0;0;0;0;0;0;0;0;0;0;0;0;0;0;0;0;0;0;0;0;0;0;0;0;0;0;0;0;0;0;500;0;0;0;0;0;0;0;0;0;0;0;0;0;0;0;0;0;0;0
Región de Murcia              ;30;Murcia                                            ;938.815;1.097;635.376;461.971;456.209;454.127;2.082;5.762;178.229;4;178.621;4;36.090;0;25.903;0;0;0;6.925;0;0;0;0;0;1.841;0;0;0;7.784;0;4.715;0;0;0;0;0;1.157;0;0;0;0;0;0;0;0;0;0;0;1.847;0;1.684;0;1.050;0;0;0;522;0;0;0;1.469;0;0;0;0;0;0;0;0;0;0;0;0;0;0;0;0;0;0;0;0;0;0;0;0;0;0;0;6.290;0;0;0;0;0;0;0;0;0;0;0;0;0;0;0;0;0;0;0;0;0;0;0;0;0
La Rioja                      ;26;La Rioja                                          ;249.676;404;186.097;136.419;134.739;134.093;646;1.680;64.735;3;39.245;1;4.810;0;18.686;0;0;0;1.569;0;0;0;0;0;1.053;0;0;0;0;0;1.546;0;0;0;0;0;982;0;0;0;0;0;0;0;0;0;462;0;583;0;274;0;0;0;0;0;0;0;0;0;0;0;0;0;0;0;0;0;0;0;0;0;0;0;0;0;0;0;0;0;0;0;0;0;0;0;0;0;0;0;0;0;0;0;148;0;0;0;0;0;0;0;0;0;0;0;0;0;0;0;0;0;0;0
Comunitat Valenciana          ;3;Alicante / Alacant                                ;1.118.499;1.289;762.982;560.714;553.932;552.822;1.110;6.782;207.570;4;218.137;4;62.018;1;28.917;0;0;0;10.759;0;0;0;0;0;1.628;0;0;0;5.196;0;3.123;0;0;0;0;0;2.534;0;0;0;0;0;2.568;0;0;0;2.439;0;925;0;922;0;3.538;0;0;0;1.017;0;0;0;1.531;0;0;0;0;0;0;0;0;0;0;0;0;0;0;0;0;0;0;0;0;0;0;0;0;0;0;0;0;0;0;0;0;0;0;0;0;0;0;0;0;0;0;0;0;0;0;0;0;0;0;0;0;0
Comunitat Valenciana          ;12;Castellón / Castelló                              ;425.589;543;309.494;243.601;240.299;239.508;791;3.302;111.359;3;85.727;2;17.361;0;8.382;0;0;0;5.033;0;0;0;0;0;1.012;0;0;0;2.913;0;957;0;0;0;0;0;921;0;0;0;0;0;1.060;0;0;0;887;0;1.275;0;962;0;480;0;0;0;341;0;0;0;421;0;0;0;0;0;0;0;0;0;0;0;0;0;0;0;0;0;0;0;0;0;0;0;0;0;0;0;0;0;0;0;0;0;0;0;0;0;0;0;0;0;0;0;0;0;417;0;0;0;0;0;0;0
Comunitat Valenciana          ;46;Valencia / València                               ;2.028.359;2.146;1.460.284;1.092.469;1.078.478;1.075.170;3.308;13.991;364.175;6;394.813;7;145.141;2;47.017;0;0;0;27.447;0;0;0;0;0;5.076;0;0;0;11.774;0;6.636;0;0;0;0;0;8.900;0;0;0;0;0;5.992;0;0;0;6.350;0;2.329;0;1.832;0;6.657;0;0;0;2.119;0;0;0;2.324;0;0;0;0;0;0;0;2.947;0;15.694;0;13.828;0;0;0;0;0;0;0;0;0;0;0;0;0;0;0;0;0;0;0;0;0;0;0;4.119;0;0;0;0;0;0;0;0;0;0;0;0;0;0;0;0;0
Ciudad de Ceuta               ;51;Ceuta                                             ;62.861;57;32.831;21.484;21.244;21.132;112;240;11.020;1;7.502;0;0;0;1.669;0;0;0;735;0;0;0;0;0;0;0;0;0;0;0;115;0;0;0;0;0;91;0;0;0;0;0;0;0;0;0;0;0;0;0;0;0;0;0;0;0;0;0;0;0;0;0;0;0;0;0;0;0;0;0;0;0;0;0;0;0;0;0;0;0;0;0;0;0;0;0;0;0;0;0;0;0;0;0;0;0;0;0;0;0;0;0;0;0;0;0;0;0;0;0;0;0;0;0
Ciudad de Melilla             ;52;Melilla                                           ;55.291;44;29.149;17.686;17.520;17.457;63;166;9.035;1;3.750;0;793;0;848;0;0;0;429;0;0;0;0;0;353;0;0;0;0;0;46;0;0;0;0;0;180;0;0;0;0;0;0;0;0;0;0;0;194;0;0;0;0;0;0;0;0;0;0;0;0;0;0;0;0;0;0;0;0;0;0;0;0;0;0;0;0;0;0;0;0;0;0;0;9;0;0;0;0;0;0;0;0;0;0;0;0;0;0;0;0;0;0;0;0;0;0;0;1.820;0;0;0;0;0
;;;;;;;;;;;;;;;;;;;;;;;;;;;;;;;;;;;;;;;;;;;;;;;;;;;;;;;;;;;;;;;;;;;;;;;;;;;;;;;;;;;;;;;;;;;;;;;;;;;;;;;;;;;;;;;;;;;;
;;Total;37.757.534;46.007;26.836.490;18.259.192;17.990.915;17.933.648;57.267;268.277;6.268.593;168;5.469.813;121;1.938.487;23;1.060.330;9;483.353;8;378.964;1;325.842;5;296.597;7;192.798;0;172.110;3;133.869;0;127.517;0;123.452;1;85.677;1;84.856;0;60.889;0;58.953;1;56.582;0;55.555;0;55.384;0;50.552;0;47.937;0;47.896;0;38.042;1;36.662;0;34.108;0;30.252;0;28.248;1;19.220;0;16.016;0;15.774;0;15.694;0;13.828;0;10.970;0;10.324;0;10.099;0;10.022;0;9.777;0;7.126;0;6.328;0;6.290;0;6.115;0;4.976;0;4.939;0;4.826;0;3.614;0;3.049;0;2.736;0;2.409;0;2.314;0;1.820;0;1.188;0;876;0
;;;;;;;;;;;;;;;;;;;;;;;;;;;;;;;;;;;;;;;;;;;;;;;;;;;;;;;;;;;;;;;;;;;;;;;;;;;;;;;;;;;;;;;;;;;;;;;;;;;;;;;;;;;;;;;;;;;;
;;;;;;;;;;;;;;;;;;;;;;;;;;;;;;;;;;;;;;;;;;;;;;;;;;;;;;;;;;;;;;;;;;;;;;;;;;;;;;;;;;;;;;;;;;;;;;;;;;;;;;;;;;;;;;;;;;;;
;;;;;;;;;;;;;;;;;;;;;;;;;;;;;;;;;;;;;;;;;;;;;;;;;;;;;;;;;;;;;;;;;;;;;;;;;;;;;;;;;;;;;;;;;;;;;;;;;;;;;;;;;;;;;;;;;;;;
;;;;;;;;;;;;;;;;;;;;;;;;;;;;;;;;;;;;;;;;;;;;;;;;;;;;;;;;;;;;;;;;;;;;;;;;;;;;;;;;;;;;;;;;;;;;;;;;;;;;;;;;;;;;;;;;;;;;